CREATE EXTENSION IF NOT EXISTS "uuid-ossp";

CREATE TABLE pokemon (
    id UUID PRIMARY KEY,
    original_id INT NOT NULL,
    name TEXT NOT NULL,
    height INT NOT NULL,
    weight INT NOT NULL,
    species TEXT NOT NULL,
    image_url TEXT NOT NULL,
    cry_sound TEXT NOT NULL );

CREATE TABLE ability (
    id UUID PRIMARY KEY,
    original_id INT NOT NULL,
    name TEXT NOT NULL );

CREATE TABLE form (
    id UUID PRIMARY KEY,
    original_id INT NOT NULL,
    name TEXT NOT NULL );

CREATE TABLE held_item (
    id UUID PRIMARY KEY,
    original_id INT NOT NULL,
    name TEXT NOT NULL );

CREATE TABLE move (
    id UUID PRIMARY KEY,
    original_id INT NOT NULL,
    name TEXT NOT NULL );

CREATE TABLE type (
    id UUID PRIMARY KEY,
    original_id INT NOT NULL,
    name TEXT NOT NULL );

CREATE TABLE pokemon_ability (
    pokemon_id UUID,
    ability_id UUID,
    FOREIGN KEY (pokemon_id) REFERENCES pokemon(id),
    FOREIGN KEY (ability_id) REFERENCES ability(id) );

CREATE TABLE pokemon_form (
    pokemon_id UUID,
    form_id UUID,
    FOREIGN KEY (pokemon_id) REFERENCES pokemon(id),
    FOREIGN KEY (form_id) REFERENCES form(id) );

CREATE TABLE pokemon_held_item (
    pokemon_id UUID,
    held_item_id UUID,
    FOREIGN KEY (pokemon_id) REFERENCES pokemon(id),
    FOREIGN KEY (held_item_id) REFERENCES held_item(id) );

CREATE TABLE pokemon_move (
    pokemon_id UUID,
    move_id UUID,
    FOREIGN KEY (pokemon_id) REFERENCES pokemon(id),
    FOREIGN KEY (move_id) REFERENCES move(id) );

CREATE TABLE pokemon_type (
    pokemon_id UUID,
    type_id UUID,
    FOREIGN KEY (pokemon_id) REFERENCES pokemon(id),
    FOREIGN KEY (type_id) REFERENCES type(id) );

CREATE TABLE profile (
    id UUID PRIMARY KEY DEFAULT uuid_generate_v4(),
    username TEXT NOT NULL );

CREATE TABLE vote (
    id UUID PRIMARY KEY DEFAULT uuid_generate_v4(),
    profile_id UUID,
    pokemon_id UUID,
    timestamp TIMESTAMP DEFAULT CURRENT_TIMESTAMP,
    FOREIGN KEY (profile_id) REFERENCES profile(id),
    FOREIGN KEY (pokemon_id) REFERENCES pokemon(id) );

INSERT INTO ability (id, original_id, name) VALUES ('d5da3d57-430e-489c-ad40-468dc4dba797', '65' , 'overgrow');
INSERT INTO ability (id, original_id, name) VALUES ('6fa758b7-dfff-4a35-bb8f-41c5acb955c1', '34' , 'chlorophyll');
INSERT INTO ability (id, original_id, name) VALUES ('fbbcc862-7c7f-4a25-8dd0-e170afb50688', '66' , 'blaze');
INSERT INTO ability (id, original_id, name) VALUES ('abfcc256-f73f-43dd-8c5c-ac354300138c', '94' , 'solar-power');
INSERT INTO ability (id, original_id, name) VALUES ('c66c8b81-91bb-4c30-9f0f-4ba97a56be24', '67' , 'torrent');
INSERT INTO ability (id, original_id, name) VALUES ('fa901323-d5e3-4d37-9578-c8c75999c29a', '44' , 'rain-dish');
INSERT INTO ability (id, original_id, name) VALUES ('49579ebf-9073-4ee3-b8cc-23c476beed59', '19' , 'shield-dust');
INSERT INTO ability (id, original_id, name) VALUES ('dc594db6-ac1f-4ffd-b66e-33fe3a9c61f0', '50' , 'run-away');
INSERT INTO ability (id, original_id, name) VALUES ('a28b16ec-9672-42e3-b24e-67641c4f5ad9', '61' , 'shed-skin');
INSERT INTO ability (id, original_id, name) VALUES ('e432d8d3-5c78-44e6-997e-dee2c88ad384', '14' , 'compound-eyes');
INSERT INTO ability (id, original_id, name) VALUES ('7f1c66e1-4092-40f1-b30d-2ac73c0bf47d', '110' , 'tinted-lens');
INSERT INTO ability (id, original_id, name) VALUES ('cbd629cd-3131-4638-ac7c-28de68f61a33', '68' , 'swarm');
INSERT INTO ability (id, original_id, name) VALUES ('a4003f6a-6a9d-4376-a63d-f75f44cd3877', '97' , 'sniper');
INSERT INTO ability (id, original_id, name) VALUES ('80b3e403-81dc-440d-9e82-8aa93a5d77ce', '51' , 'keen-eye');
INSERT INTO ability (id, original_id, name) VALUES ('f451cdb1-ec45-484f-99f7-1fc70d4bd7fa', '77' , 'tangled-feet');
INSERT INTO ability (id, original_id, name) VALUES ('a57cd846-ab1b-4862-a08b-e95014f7cfea', '145' , 'big-pecks');
INSERT INTO ability (id, original_id, name) VALUES ('14f09f0d-42fa-47e2-8468-ff657dcc37d7', '62' , 'guts');
INSERT INTO ability (id, original_id, name) VALUES ('5f336b4f-9acb-4d6c-aac0-44f423c45ff1', '55' , 'hustle');
INSERT INTO ability (id, original_id, name) VALUES ('8d682dfd-3003-4e9a-9780-f8db8ab9c152', '22' , 'intimidate');
INSERT INTO ability (id, original_id, name) VALUES ('6b23ac44-8753-4ef8-b787-f3bda00641eb', '127' , 'unnerve');
INSERT INTO ability (id, original_id, name) VALUES ('e7a3ca67-2355-40ed-abd4-cec0c9f9a9f7', '9' , 'static');
INSERT INTO ability (id, original_id, name) VALUES ('abeb75fb-3edb-4253-9fe0-a321734cd79e', '31' , 'lightning-rod');
INSERT INTO ability (id, original_id, name) VALUES ('eea50d29-4d42-4f32-9bb0-b2d6b2475f10', '8' , 'sand-veil');
INSERT INTO ability (id, original_id, name) VALUES ('896ad408-b5d6-4f73-9587-a0dbc93d3478', '146' , 'sand-rush');
INSERT INTO ability (id, original_id, name) VALUES ('77f56f00-1aec-448f-8e4d-cc21bb65e3fd', '38' , 'poison-point');
INSERT INTO ability (id, original_id, name) VALUES ('8c90f157-ed4a-4028-92f1-7c4d4e3697b0', '79' , 'rivalry');
INSERT INTO ability (id, original_id, name) VALUES ('2587299b-673b-457e-ac74-72f9d6a09e7d', '125' , 'sheer-force');
INSERT INTO ability (id, original_id, name) VALUES ('87b89963-a433-427c-ae8b-604cbb6da43b', '56' , 'cute-charm');
INSERT INTO ability (id, original_id, name) VALUES ('dfdc9310-d2b6-4ed4-a4d5-c590fc51a5e6', '98' , 'magic-guard');
INSERT INTO ability (id, original_id, name) VALUES ('042429a9-ec32-4274-8ed3-f5a01cc57f01', '132' , 'friend-guard');
INSERT INTO ability (id, original_id, name) VALUES ('6f250daa-b87a-48ee-b4f7-4d934a7a1583', '109' , 'unaware');
INSERT INTO ability (id, original_id, name) VALUES ('2f5187fe-a408-4222-8e89-0c4a82a4f14e', '18' , 'flash-fire');
INSERT INTO ability (id, original_id, name) VALUES ('b230cd72-7d6e-470e-8cd2-12cf7fca664e', '70' , 'drought');
INSERT INTO ability (id, original_id, name) VALUES ('00999132-0d90-4662-8097-0c20dd9dc73c', '172' , 'competitive');
INSERT INTO ability (id, original_id, name) VALUES ('83334e57-f629-4906-bd78-c2293f411760', '119' , 'frisk');
INSERT INTO ability (id, original_id, name) VALUES ('f73d0d2b-85e8-454e-80ea-80be432de13e', '39' , 'inner-focus');
INSERT INTO ability (id, original_id, name) VALUES ('a4c9d6df-e758-408e-a934-7e1427f6e587', '151' , 'infiltrator');
INSERT INTO ability (id, original_id, name) VALUES ('084d29e9-3a1c-4f8d-86ac-3725c02cda6a', '1' , 'stench');
INSERT INTO ability (id, original_id, name) VALUES ('1422ac12-6f1c-458e-b606-0e8373a7ca5b', '27' , 'effect-spore');
INSERT INTO ability (id, original_id, name) VALUES ('a0d3a717-e4e2-4b81-bf99-4577ba5214a6', '87' , 'dry-skin');
INSERT INTO ability (id, original_id, name) VALUES ('380ea097-c3aa-46fe-bd86-867fe9b77c74', '6' , 'damp');
INSERT INTO ability (id, original_id, name) VALUES ('fb7da970-eca8-45ac-9d12-3a98e6fd2f2a', '147' , 'wonder-skin');
INSERT INTO ability (id, original_id, name) VALUES ('a6da6b54-093c-472e-b9cf-862f525de882', '71' , 'arena-trap');
INSERT INTO ability (id, original_id, name) VALUES ('358fcc91-9f4a-41ce-a456-1380dc20a168', '159' , 'sand-force');
INSERT INTO ability (id, original_id, name) VALUES ('3db71fd4-65cb-41df-ae48-f201d57bb341', '53' , 'pickup');
INSERT INTO ability (id, original_id, name) VALUES ('277a34e7-52a2-40f5-9b27-6d4033c2ae4c', '101' , 'technician');
INSERT INTO ability (id, original_id, name) VALUES ('7cf51474-4d61-4a06-8edd-021861a26dc8', '7' , 'limber');
INSERT INTO ability (id, original_id, name) VALUES ('17abdeb5-13e9-4a91-84e6-6b17d8582fe6', '13' , 'cloud-nine');
INSERT INTO ability (id, original_id, name) VALUES ('c2568bdd-fc55-4255-b6ef-f4adecf15047', '33' , 'swift-swim');
INSERT INTO ability (id, original_id, name) VALUES ('fc90b54b-a959-495f-a492-d55562a8b8f7', '72' , 'vital-spirit');
INSERT INTO ability (id, original_id, name) VALUES ('a419e925-38e1-4af3-8117-812d8ea36ca1', '83' , 'anger-point');
INSERT INTO ability (id, original_id, name) VALUES ('29a20975-d8e6-425b-afc0-aa30042e929f', '128' , 'defiant');
INSERT INTO ability (id, original_id, name) VALUES ('a8621c04-42f1-4a69-92bd-d454436cf0af', '154' , 'justified');
INSERT INTO ability (id, original_id, name) VALUES ('314fee94-176b-40ed-b96b-60c867d19ee7', '11' , 'water-absorb');
INSERT INTO ability (id, original_id, name) VALUES ('775078f4-53af-4721-88be-7a3f3b04ec55', '28' , 'synchronize');
INSERT INTO ability (id, original_id, name) VALUES ('47bcbd8c-455b-47d8-8411-d560e4c3eec5', '99' , 'no-guard');
INSERT INTO ability (id, original_id, name) VALUES ('6660a83d-56c0-4696-a3bc-d26166754452', '80' , 'steadfast');
INSERT INTO ability (id, original_id, name) VALUES ('1bb632fd-b13a-4743-a10c-f94e752610d5', '82' , 'gluttony');
INSERT INTO ability (id, original_id, name) VALUES ('242e232e-9c54-489c-a561-fea78806fda2', '29' , 'clear-body');
INSERT INTO ability (id, original_id, name) VALUES ('7cc1039b-ea69-41f8-b730-ed8c4eadd14a', '64' , 'liquid-ooze');
INSERT INTO ability (id, original_id, name) VALUES ('d94fca31-bc8d-4862-ac69-5f65d34b95ae', '69' , 'rock-head');
INSERT INTO ability (id, original_id, name) VALUES ('d1aaa4b7-4b03-4ff8-83c4-9b265f8d32b4', '5' , 'sturdy');
INSERT INTO ability (id, original_id, name) VALUES ('aaf8f8c0-3b3e-401c-82a6-c22c68a5fa53', '49' , 'flame-body');
INSERT INTO ability (id, original_id, name) VALUES ('8d24582f-7c42-4ed4-8586-c97794977f5a', '12' , 'oblivious');
INSERT INTO ability (id, original_id, name) VALUES ('5a558e69-5bf0-4a7b-bd2d-a1c03a4ec465', '20' , 'own-tempo');
INSERT INTO ability (id, original_id, name) VALUES ('42d7778f-ea3b-4ba7-b4ea-bcd08604dc86', '144' , 'regenerator');
INSERT INTO ability (id, original_id, name) VALUES ('92a8f542-7cdc-4ca4-876e-b7fa8522b606', '42' , 'magnet-pull');
INSERT INTO ability (id, original_id, name) VALUES ('45b03eb4-c1c6-43c2-8b88-61e3988cd2db', '148' , 'analytic');
INSERT INTO ability (id, original_id, name) VALUES ('9d9409c4-9fc1-48d4-9f7f-09adf81df53b', '48' , 'early-bird');
INSERT INTO ability (id, original_id, name) VALUES ('71ba27c9-031b-463d-9aa6-07a90f20f854', '47' , 'thick-fat');
INSERT INTO ability (id, original_id, name) VALUES ('fa67feab-fefa-4bd4-af7f-1e246d373d80', '93' , 'hydration');
INSERT INTO ability (id, original_id, name) VALUES ('6e63b849-741a-4606-82a0-aacd7318206c', '115' , 'ice-body');
INSERT INTO ability (id, original_id, name) VALUES ('e482fdbf-40c4-4d57-b541-4d5a50c3e525', '60' , 'sticky-hold');
INSERT INTO ability (id, original_id, name) VALUES ('ea0a3881-b490-4bed-a658-b6b339f01fd1', '143' , 'poison-touch');
INSERT INTO ability (id, original_id, name) VALUES ('e720d0bf-3d0a-49db-84f0-ac291be6c35b', '75' , 'shell-armor');
INSERT INTO ability (id, original_id, name) VALUES ('7836833b-f587-4f72-a182-6d20fb5059c3', '92' , 'skill-link');
INSERT INTO ability (id, original_id, name) VALUES ('ebd5aced-64cd-486c-a674-082a221d3268', '142' , 'overcoat');
INSERT INTO ability (id, original_id, name) VALUES ('8b3291eb-794c-4231-a1c0-52a94c4bd965', '26' , 'levitate');
INSERT INTO ability (id, original_id, name) VALUES ('f77cbacd-043a-476e-a05b-af72ffc5670f', '130' , 'cursed-body');
INSERT INTO ability (id, original_id, name) VALUES ('0e258c02-866c-4a01-9e87-256e0c6c653f', '133' , 'weak-armor');
INSERT INTO ability (id, original_id, name) VALUES ('c0157a9f-aebe-4dad-ab38-37f8963c7d28', '15' , 'insomnia');
INSERT INTO ability (id, original_id, name) VALUES ('da3c9c3d-7a47-4078-a861-319089b9804f', '108' , 'forewarn');
INSERT INTO ability (id, original_id, name) VALUES ('712d3d2f-fd2f-47b5-b340-bb115bffde1a', '52' , 'hyper-cutter');
INSERT INTO ability (id, original_id, name) VALUES ('41ff67dc-6097-4eab-80e9-8ba7baf53151', '43' , 'soundproof');
INSERT INTO ability (id, original_id, name) VALUES ('6cc55311-0ca7-4933-aaeb-ee010c7c5dac', '106' , 'aftermath');
INSERT INTO form (id, original_id, name) VALUES ('621f5981-713d-4975-a9cd-ddd2b7947f63', '1' , 'bulbasaur');
INSERT INTO form (id, original_id, name) VALUES ('2070d070-0cfa-47ed-a104-5d4ec5102b4b', '2' , 'ivysaur');
INSERT INTO form (id, original_id, name) VALUES ('632f9456-cf6b-4bee-bb5a-41b5a7b15caf', '3' , 'venusaur');
INSERT INTO form (id, original_id, name) VALUES ('8eb27a9a-c78e-44cc-a7d6-0ec9ab908703', '4' , 'charmander');
INSERT INTO form (id, original_id, name) VALUES ('e3fa3797-2f1d-4f50-a3fe-f65286dd6378', '5' , 'charmeleon');
INSERT INTO form (id, original_id, name) VALUES ('4cf2e10a-11e3-4fe3-869c-7db40e563ed0', '6' , 'charizard');
INSERT INTO form (id, original_id, name) VALUES ('33b48e43-105a-4cd2-981d-421a2fa3b7f8', '7' , 'squirtle');
INSERT INTO form (id, original_id, name) VALUES ('1157b879-1a34-4dd8-b8e8-abe2abc1cf34', '8' , 'wartortle');
INSERT INTO form (id, original_id, name) VALUES ('36c26ad2-9bf0-4d92-abc3-f1f7b10ea449', '9' , 'blastoise');
INSERT INTO form (id, original_id, name) VALUES ('d6de1934-fa23-4e2e-8a82-fafe17f2239c', '10' , 'caterpie');
INSERT INTO form (id, original_id, name) VALUES ('7404da8f-ff72-4884-b605-c505bc029bbf', '11' , 'metapod');
INSERT INTO form (id, original_id, name) VALUES ('b2ba81d5-4f70-4182-86b5-e75db88ad343', '12' , 'butterfree');
INSERT INTO form (id, original_id, name) VALUES ('617bf030-31f0-4ae4-a5d2-6760d5db03db', '13' , 'weedle');
INSERT INTO form (id, original_id, name) VALUES ('c0d88b43-e99e-4819-8705-fac923e0a654', '14' , 'kakuna');
INSERT INTO form (id, original_id, name) VALUES ('876e0a8e-ea82-47dc-a344-fc80a3f4fed6', '15' , 'beedrill');
INSERT INTO form (id, original_id, name) VALUES ('f3aeb259-ea9b-4370-b2bc-51141671a60a', '16' , 'pidgey');
INSERT INTO form (id, original_id, name) VALUES ('b88f477c-250c-4199-9b5d-dfa8cd9cd6ac', '17' , 'pidgeotto');
INSERT INTO form (id, original_id, name) VALUES ('53ba7e8d-104d-42cd-b3f2-725c896042c8', '18' , 'pidgeot');
INSERT INTO form (id, original_id, name) VALUES ('2fd00569-a7f0-4628-a772-5d235fa22910', '19' , 'rattata');
INSERT INTO form (id, original_id, name) VALUES ('e8a5c5c9-a0a3-4b30-97c9-a0d5849e8169', '20' , 'raticate');
INSERT INTO form (id, original_id, name) VALUES ('e9382df3-1483-49de-8c6f-066794309a16', '21' , 'spearow');
INSERT INTO form (id, original_id, name) VALUES ('574b3adc-b287-4983-8cde-a6be57b0f81e', '22' , 'fearow');
INSERT INTO form (id, original_id, name) VALUES ('9c6ea4c8-e7f3-442d-9f20-5d59f426d3ab', '23' , 'ekans');
INSERT INTO form (id, original_id, name) VALUES ('7b4b19a0-4c4d-4894-9889-74f4622e01af', '24' , 'arbok');
INSERT INTO form (id, original_id, name) VALUES ('bbd4125a-8fe4-44e1-a0a7-54f649a8b9e5', '25' , 'pikachu');
INSERT INTO form (id, original_id, name) VALUES ('9afd4729-0c16-4a37-895c-f0600a655d2c', '26' , 'raichu');
INSERT INTO form (id, original_id, name) VALUES ('99823a45-1919-424a-987a-bcc38a2de116', '27' , 'sandshrew');
INSERT INTO form (id, original_id, name) VALUES ('77eebc21-5132-466c-a018-4d793c8e391a', '28' , 'sandslash');
INSERT INTO form (id, original_id, name) VALUES ('dbad6d30-3277-435b-ae8f-f1c524c2f14f', '29' , 'nidoran-f');
INSERT INTO form (id, original_id, name) VALUES ('aff6618a-ef65-42e3-8403-aef8ced8b5d6', '30' , 'nidorina');
INSERT INTO form (id, original_id, name) VALUES ('f1b8df93-b153-40e8-8735-9686d5aa4e80', '31' , 'nidoqueen');
INSERT INTO form (id, original_id, name) VALUES ('0195827d-1460-4e7a-8933-75abf509c5b7', '32' , 'nidoran-m');
INSERT INTO form (id, original_id, name) VALUES ('e02d92a7-957f-495d-bcba-410a6dd28b2d', '33' , 'nidorino');
INSERT INTO form (id, original_id, name) VALUES ('8c5c82b5-9887-4c09-94c7-7c38a88ee0ab', '34' , 'nidoking');
INSERT INTO form (id, original_id, name) VALUES ('ad7e0ab1-15e9-4f97-9471-118b3fca98f3', '35' , 'clefairy');
INSERT INTO form (id, original_id, name) VALUES ('708d944b-94d2-409b-abd2-f90c4e2b0524', '36' , 'clefable');
INSERT INTO form (id, original_id, name) VALUES ('6558d407-5c95-4e48-adb0-70f28e93d48b', '37' , 'vulpix');
INSERT INTO form (id, original_id, name) VALUES ('5de74f4a-25f5-4144-a6b5-cdee0da6f526', '38' , 'ninetales');
INSERT INTO form (id, original_id, name) VALUES ('1fd3f1fd-7392-413e-9713-93d7ff9b278b', '39' , 'jigglypuff');
INSERT INTO form (id, original_id, name) VALUES ('688c2c03-04c1-4458-b8c5-4e4cc287dd33', '40' , 'wigglytuff');
INSERT INTO form (id, original_id, name) VALUES ('c76d5198-9bbe-44a8-bc54-80fffaa8bc4b', '41' , 'zubat');
INSERT INTO form (id, original_id, name) VALUES ('f5b77c48-35e5-4f84-b714-9c71d0795867', '42' , 'golbat');
INSERT INTO form (id, original_id, name) VALUES ('3db9b9b0-7932-4c88-85a7-cc0f4f00e90e', '43' , 'oddish');
INSERT INTO form (id, original_id, name) VALUES ('465cc7bc-c983-4c52-a696-e13b618426e6', '44' , 'gloom');
INSERT INTO form (id, original_id, name) VALUES ('9ed4b7b4-c735-46cd-b63c-5bd06b555164', '45' , 'vileplume');
INSERT INTO form (id, original_id, name) VALUES ('4b80abf5-0e11-49fb-9c20-0ab6b7a71c23', '46' , 'paras');
INSERT INTO form (id, original_id, name) VALUES ('143a0e19-724f-4e34-8403-1bb6518a1376', '47' , 'parasect');
INSERT INTO form (id, original_id, name) VALUES ('27cefabd-de8c-4731-9251-b1de91134dd3', '48' , 'venonat');
INSERT INTO form (id, original_id, name) VALUES ('d4414226-7876-4620-8c9e-23ce40a487e4', '49' , 'venomoth');
INSERT INTO form (id, original_id, name) VALUES ('8d9c8beb-9544-437e-9047-7095c5dc7291', '50' , 'diglett');
INSERT INTO form (id, original_id, name) VALUES ('95ae4d64-d9f0-44d1-b9c7-e3365973d833', '51' , 'dugtrio');
INSERT INTO form (id, original_id, name) VALUES ('38693946-1f14-402a-a783-202c1eab4142', '52' , 'meowth');
INSERT INTO form (id, original_id, name) VALUES ('3d58a2fa-1e02-4363-ade8-5a11daa6746a', '53' , 'persian');
INSERT INTO form (id, original_id, name) VALUES ('b74f7679-2b54-4a5a-a172-73798ba8bf53', '54' , 'psyduck');
INSERT INTO form (id, original_id, name) VALUES ('86ad71fa-1cb8-4fe6-87dd-13adcea77314', '55' , 'golduck');
INSERT INTO form (id, original_id, name) VALUES ('f9efface-4233-40c1-bc69-7eea81d265c5', '56' , 'mankey');
INSERT INTO form (id, original_id, name) VALUES ('df9ac460-0b83-423e-a086-64c2f553cbdd', '57' , 'primeape');
INSERT INTO form (id, original_id, name) VALUES ('da63074b-6a1c-4db6-bd04-c078db63fbc4', '58' , 'growlithe');
INSERT INTO form (id, original_id, name) VALUES ('2a9bb2e6-c574-4698-b768-c6e820c8d174', '59' , 'arcanine');
INSERT INTO form (id, original_id, name) VALUES ('fd9424cc-959b-44f8-ab68-15ea3dd01abb', '60' , 'poliwag');
INSERT INTO form (id, original_id, name) VALUES ('3afa1fc7-121a-471f-ad2e-d7c68ea57015', '61' , 'poliwhirl');
INSERT INTO form (id, original_id, name) VALUES ('cca325f3-3ab7-47a8-b2fa-2a5efa68bde3', '62' , 'poliwrath');
INSERT INTO form (id, original_id, name) VALUES ('6cc64fab-9f63-43b2-a55d-d458f7fe671e', '63' , 'abra');
INSERT INTO form (id, original_id, name) VALUES ('bc9953bf-1a6f-42ac-b228-8516de51d484', '64' , 'kadabra');
INSERT INTO form (id, original_id, name) VALUES ('80655030-d13c-4389-a7ff-652caaa1c5e3', '65' , 'alakazam');
INSERT INTO form (id, original_id, name) VALUES ('88f54920-7fbd-462a-88ce-476254302029', '66' , 'machop');
INSERT INTO form (id, original_id, name) VALUES ('591f4ee0-4b44-4176-828a-13b3bcad8a7d', '67' , 'machoke');
INSERT INTO form (id, original_id, name) VALUES ('e2203123-8df8-4c79-ad8a-bf7a5b0482bf', '68' , 'machamp');
INSERT INTO form (id, original_id, name) VALUES ('4919fd69-5348-4710-8817-9e4d89a4135e', '69' , 'bellsprout');
INSERT INTO form (id, original_id, name) VALUES ('c73b3745-d5d6-4774-bd08-64a69be105a4', '70' , 'weepinbell');
INSERT INTO form (id, original_id, name) VALUES ('9cd43fc0-8405-4eba-85f2-48ef942423d4', '71' , 'victreebel');
INSERT INTO form (id, original_id, name) VALUES ('5adc135e-ac5e-428e-90c7-186d14850f79', '72' , 'tentacool');
INSERT INTO form (id, original_id, name) VALUES ('d80a3e12-2979-4a81-895c-8fd108ef4f0e', '73' , 'tentacruel');
INSERT INTO form (id, original_id, name) VALUES ('65800f8f-c0d5-4b10-a9ed-78a15b0624d0', '74' , 'geodude');
INSERT INTO form (id, original_id, name) VALUES ('a2820a82-3506-4de7-82ae-0f4472222c7d', '75' , 'graveler');
INSERT INTO form (id, original_id, name) VALUES ('734be837-176b-40b2-a0eb-b61c6e5786ad', '76' , 'golem');
INSERT INTO form (id, original_id, name) VALUES ('651c52b9-cc21-4421-9785-88f828eff518', '77' , 'ponyta');
INSERT INTO form (id, original_id, name) VALUES ('3d68c00e-9511-4a90-bdfb-7817003991dd', '78' , 'rapidash');
INSERT INTO form (id, original_id, name) VALUES ('35ea8264-ef68-40ac-89af-8831184b1f3a', '79' , 'slowpoke');
INSERT INTO form (id, original_id, name) VALUES ('a2c5dc54-7f72-4248-ab27-48a8605d9f42', '80' , 'slowbro');
INSERT INTO form (id, original_id, name) VALUES ('b76711bf-6e1f-44c2-b7fc-67c33cc0b15e', '81' , 'magnemite');
INSERT INTO form (id, original_id, name) VALUES ('24d438d6-38fa-4062-96bc-0f41a7d3f9b0', '82' , 'magneton');
INSERT INTO form (id, original_id, name) VALUES ('85fc95f2-e2e4-4faa-8424-f5c649a7b8c5', '83' , 'farfetchd');
INSERT INTO form (id, original_id, name) VALUES ('418052bf-30f7-424b-8876-9ac43cd8e6c7', '84' , 'doduo');
INSERT INTO form (id, original_id, name) VALUES ('9d7deb73-cb93-4cf9-9aef-586f76418c72', '85' , 'dodrio');
INSERT INTO form (id, original_id, name) VALUES ('6ee0e0e9-1298-445e-a600-de65934fa17e', '86' , 'seel');
INSERT INTO form (id, original_id, name) VALUES ('48bb7108-d731-4cf3-9931-ee72160541b2', '87' , 'dewgong');
INSERT INTO form (id, original_id, name) VALUES ('40f5333d-84d4-4b6f-a91b-7e6f6ba61598', '88' , 'grimer');
INSERT INTO form (id, original_id, name) VALUES ('be230b4d-48e6-45e3-a8ff-31bf82b77256', '89' , 'muk');
INSERT INTO form (id, original_id, name) VALUES ('fe1fcd18-e14e-4a62-b155-6ecc2477e0ec', '90' , 'shellder');
INSERT INTO form (id, original_id, name) VALUES ('bf1da001-7559-426a-9195-b80bdf631247', '91' , 'cloyster');
INSERT INTO form (id, original_id, name) VALUES ('2e72e63c-8b2c-443f-8456-1e612f40e0e7', '92' , 'gastly');
INSERT INTO form (id, original_id, name) VALUES ('0cb1e083-e1bc-4373-93eb-e4195dc70b39', '93' , 'haunter');
INSERT INTO form (id, original_id, name) VALUES ('3b43eb2d-3878-4572-9e2e-0773931e1a24', '94' , 'gengar');
INSERT INTO form (id, original_id, name) VALUES ('7fcd2141-63bb-408c-97a2-5027848cb53b', '95' , 'onix');
INSERT INTO form (id, original_id, name) VALUES ('02e5b5f2-32bf-4b05-b38b-4c3e0239d4ea', '96' , 'drowzee');
INSERT INTO form (id, original_id, name) VALUES ('a7cbfd57-6f86-443c-9b74-ca84cd45f525', '97' , 'hypno');
INSERT INTO form (id, original_id, name) VALUES ('5af77ec4-f307-467c-b9fa-5efeae0c7261', '98' , 'krabby');
INSERT INTO form (id, original_id, name) VALUES ('bd0d5cb0-0b41-450f-81f3-f72b082ba98c', '99' , 'kingler');
INSERT INTO form (id, original_id, name) VALUES ('7f64d54d-3748-4891-bab8-6045ba83ae01', '100' , 'voltorb');
INSERT INTO held_item (id, original_id, name) VALUES ('ec01256d-ac3a-4306-a443-cd3c7f448c46', '199' , 'silver-powder');
INSERT INTO held_item (id, original_id, name) VALUES ('ba467a86-ac3f-4e9a-b554-51869c0ab52d', '222' , 'poison-barb');
INSERT INTO held_item (id, original_id, name) VALUES ('905edd74-0ee2-4cca-abdb-5dc9eb693b91', '177' , 'chilan-berry');
INSERT INTO held_item (id, original_id, name) VALUES ('cff907fb-6ebd-48e9-8a15-853ac0788123', '132' , 'oran-berry');
INSERT INTO held_item (id, original_id, name) VALUES ('467cd37b-50be-419c-a416-a72c346ea212', '135' , 'sitrus-berry');
INSERT INTO held_item (id, original_id, name) VALUES ('6ae3f4a9-68d5-4593-b101-2a621f8b83f8', '221' , 'sharp-beak');
INSERT INTO held_item (id, original_id, name) VALUES ('5ed23b47-872a-49e9-a268-b490e1effeda', '213' , 'light-ball');
INSERT INTO held_item (id, original_id, name) VALUES ('5a6b1729-37a4-4e2c-af5f-57699f5d6a90', '194' , 'quick-claw');
INSERT INTO held_item (id, original_id, name) VALUES ('1f89ae8e-17e7-4f46-8026-a53c4fd30421', '263' , 'grip-claw');
INSERT INTO held_item (id, original_id, name) VALUES ('d2b995e0-164d-4675-a698-b1de9ca1fd54', '214' , 'soft-sand');
INSERT INTO held_item (id, original_id, name) VALUES ('f9fd5aa1-2a05-46c9-bef7-a03791d8e581', '81' , 'moon-stone');
INSERT INTO held_item (id, original_id, name) VALUES ('4c67de11-ee6d-499f-8844-07932288e4d4', '131' , 'leppa-berry');
INSERT INTO held_item (id, original_id, name) VALUES ('c656876b-0435-4245-9bc9-654ce37c51db', '624' , 'comet-shard');
INSERT INTO held_item (id, original_id, name) VALUES ('8acf8f2c-a48f-48c3-9612-57d0e333ce5c', '129' , 'rawst-berry');
INSERT INTO held_item (id, original_id, name) VALUES ('77db9ab8-9a1c-4137-a42d-0b89d09532de', '226' , 'charcoal');
INSERT INTO held_item (id, original_id, name) VALUES ('ab630005-dc27-4075-b3a6-10637e0cda9a', '588' , 'absorb-bulb');
INSERT INTO held_item (id, original_id, name) VALUES ('92c2fd5c-f093-485b-a566-2b8fea974058', '86' , 'tiny-mushroom');
INSERT INTO held_item (id, original_id, name) VALUES ('860a86d4-9045-4c25-a826-fe75e5115335', '87' , 'big-mushroom');
INSERT INTO held_item (id, original_id, name) VALUES ('9f29e672-3b88-4f35-b87a-4aa901b3da72', '621' , 'balm-mushroom');
INSERT INTO held_item (id, original_id, name) VALUES ('b50cd291-c6c5-4dcc-a6f1-b970e51167c2', '272' , 'shed-shell');
INSERT INTO held_item (id, original_id, name) VALUES ('7beb6845-8cdb-475e-823f-8464bbd2f45e', '92' , 'nugget');
INSERT INTO held_item (id, original_id, name) VALUES ('e5463917-acbe-4c6d-af94-0621e6e8b196', '170' , 'payapa-berry');
INSERT INTO held_item (id, original_id, name) VALUES ('3c7a27df-ab72-423b-8c02-033931d2b816', '198' , 'kings-rock');
INSERT INTO held_item (id, original_id, name) VALUES ('95792470-099b-4c5a-98c6-b1c5bc3b523c', '225' , 'twisted-spoon');
INSERT INTO held_item (id, original_id, name) VALUES ('9c434a69-5838-4650-a8ff-f888c3658d6c', '207' , 'focus-band');
INSERT INTO held_item (id, original_id, name) VALUES ('3488f02a-fe48-434d-8b9e-bea65813810e', '206' , 'everstone');
INSERT INTO held_item (id, original_id, name) VALUES ('90559eba-0c9e-4272-989d-80e4a13b4547', '215' , 'hard-stone');
INSERT INTO held_item (id, original_id, name) VALUES ('fcc74d8e-50b0-400e-afa6-262f76c4f39e', '168' , 'shuca-berry');
INSERT INTO held_item (id, original_id, name) VALUES ('b3573870-fb16-47da-a81e-4ecc9a42948e', '256' , 'lagging-tail');
INSERT INTO held_item (id, original_id, name) VALUES ('1e384563-a8e6-4a6e-9029-a6dba329c0dd', '210' , 'metal-coat');
INSERT INTO held_item (id, original_id, name) VALUES ('e5b6ea32-d1c7-4432-b131-31cc43010c97', '219' , 'magnet');
INSERT INTO held_item (id, original_id, name) VALUES ('71865626-afbe-4a5d-bdae-975ae577efd7', '236' , 'stick');
INSERT INTO held_item (id, original_id, name) VALUES ('d7ba69d5-6bcc-41af-a3de-cbbecd87d2e7', '130' , 'aspear-berry');
INSERT INTO held_item (id, original_id, name) VALUES ('8eb5c851-cd17-41b0-9f82-ca8cc63b22a9', '223' , 'never-melt-ice');
INSERT INTO held_item (id, original_id, name) VALUES ('05bac872-9cbc-40a7-8a7c-7fb28d543603', '258' , 'black-sludge');
INSERT INTO held_item (id, original_id, name) VALUES ('fa520472-fee7-40fe-a1b4-056d4f5193ba', '249' , 'toxic-orb');
INSERT INTO held_item (id, original_id, name) VALUES ('4765c966-8d13-46a1-a86b-cf6ced3dc7ce', '88' , 'pearl');
INSERT INTO held_item (id, original_id, name) VALUES ('03067d72-ad84-4a8e-917b-ef61328bda5c', '89' , 'big-pearl');
INSERT INTO held_item (id, original_id, name) VALUES ('b203af88-c3bc-40cf-a111-f3c52e1a7c17', '224' , 'spell-tag');
INSERT INTO move (id, original_id, name) VALUES ('19233272-8c3b-4e96-a9ee-ee146e6a7b05', '13' , 'razor-wind');
INSERT INTO move (id, original_id, name) VALUES ('dd7c1592-f25c-4be0-b891-f718a79b3bc7', '14' , 'swords-dance');
INSERT INTO move (id, original_id, name) VALUES ('8e4532e2-402b-4c35-b3e2-b8df45f33558', '15' , 'cut');
INSERT INTO move (id, original_id, name) VALUES ('b786bd6c-4919-4c3a-9e2e-91e95be25d28', '20' , 'bind');
INSERT INTO move (id, original_id, name) VALUES ('59491845-269b-4f24-8dd8-eb854cd8c060', '22' , 'vine-whip');
INSERT INTO move (id, original_id, name) VALUES ('aea68489-64e1-4505-9fc3-ba736f40a73f', '29' , 'headbutt');
INSERT INTO move (id, original_id, name) VALUES ('8f2e0a15-7a9d-4afb-8eea-16750e9484ed', '5' , 'mega-punch');
INSERT INTO move (id, original_id, name) VALUES ('0614a7ba-df34-4fea-8467-0b6eece4fb9f', '7' , 'fire-punch');
INSERT INTO move (id, original_id, name) VALUES ('8408b44b-a75a-489b-b509-1be599ff37b2', '9' , 'thunder-punch');
INSERT INTO move (id, original_id, name) VALUES ('9ea828b7-9450-46a7-892f-343f5c97817b', '10' , 'scratch');
INSERT INTO move (id, original_id, name) VALUES ('ba84d053-7a99-4da5-828b-e4ea229e08d3', '8' , 'ice-punch');
INSERT INTO move (id, original_id, name) VALUES ('6b613c64-594e-4df6-a894-86b8e324482c', '25' , 'mega-kick');
INSERT INTO move (id, original_id, name) VALUES ('a13b160c-b04c-4024-bc63-0e4e60ddc241', '33' , 'tackle');
INSERT INTO move (id, original_id, name) VALUES ('400a4d79-0ee0-4c48-a023-cbf99eefe96f', '81' , 'string-shot');
INSERT INTO move (id, original_id, name) VALUES ('139a2944-916d-44a5-b916-e3bff709bc8b', '173' , 'snore');
INSERT INTO move (id, original_id, name) VALUES ('fc7cc6c8-e744-46b4-bea8-9cba16d166b5', '450' , 'bug-bite');
INSERT INTO move (id, original_id, name) VALUES ('fd973a4c-312b-4655-9df4-87e1ab3167ab', '527' , 'electroweb');
INSERT INTO move (id, original_id, name) VALUES ('2914e70a-9dd3-474c-a7fe-b9157c90c922', '106' , 'harden');
INSERT INTO move (id, original_id, name) VALUES ('9fde7d53-d8c7-491d-90a2-1830be93c423', '334' , 'iron-defense');
INSERT INTO move (id, original_id, name) VALUES ('8fc0e8ef-64e2-4803-b954-427d4f8b8ad9', '16' , 'gust');
INSERT INTO move (id, original_id, name) VALUES ('4a26e96a-9241-408b-bc29-f918af316ee2', '18' , 'whirlwind');
INSERT INTO move (id, original_id, name) VALUES ('87d36eea-d2bd-4198-9a58-3f7eadcb21b4', '40' , 'poison-sting');
INSERT INTO move (id, original_id, name) VALUES ('9241e827-f3af-491c-bb52-aee4e9229b16', '31' , 'fury-attack');
INSERT INTO move (id, original_id, name) VALUES ('3df4a465-c9e3-4da8-a582-50747f45c60e', '36' , 'take-down');
INSERT INTO move (id, original_id, name) VALUES ('c977bf4f-9f86-400a-996c-87fb62b40c68', '17' , 'wing-attack');
INSERT INTO move (id, original_id, name) VALUES ('615d039e-a238-464e-abe3-72d7bc3683c7', '19' , 'fly');
INSERT INTO move (id, original_id, name) VALUES ('cd9c0412-b0d0-470f-bda9-b344803b2323', '34' , 'body-slam');
INSERT INTO move (id, original_id, name) VALUES ('8c2aeeb2-d701-462d-8186-18e22c76ed80', '21' , 'slam');
INSERT INTO move (id, original_id, name) VALUES ('b17c89ad-9ba0-424c-bf03-cfc2be11528c', '35' , 'wrap');
INSERT INTO move (id, original_id, name) VALUES ('095cd81e-83b2-465c-baa0-65a6265d8ad0', '6' , 'pay-day');
INSERT INTO move (id, original_id, name) VALUES ('5e08941c-7c0f-4948-84c0-93429d7fd1b2', '24' , 'double-kick');
INSERT INTO move (id, original_id, name) VALUES ('cae07402-937e-4e7b-b4bc-85391001dc6b', '28' , 'sand-attack');
INSERT INTO move (id, original_id, name) VALUES ('2cebd6cf-66e3-4e0f-9f34-3d48616dd1c3', '32' , 'horn-drill');
INSERT INTO move (id, original_id, name) VALUES ('072839db-8a03-4f30-a171-03cc725a1b9f', '30' , 'horn-attack');
INSERT INTO move (id, original_id, name) VALUES ('1c8cdd5c-2d2b-4371-9ca7-aaed87b0df01', '1' , 'pound');
INSERT INTO move (id, original_id, name) VALUES ('176d768d-7153-4a34-9032-8a0b314c2bef', '3' , 'double-slap');
INSERT INTO move (id, original_id, name) VALUES ('6b47ed03-541e-4f2c-b732-068173acf850', '38' , 'double-edge');
INSERT INTO move (id, original_id, name) VALUES ('6a0ed383-fad9-4a1a-aa9a-88bf6e8e0677', '48' , 'supersonic');
INSERT INTO move (id, original_id, name) VALUES ('ceffdfc2-517f-4a34-925c-5236d74b7217', '2' , 'karate-chop');
INSERT INTO move (id, original_id, name) VALUES ('f0b627a4-7441-415f-a9e4-c665dd3e6492', '37' , 'thrash');
INSERT INTO move (id, original_id, name) VALUES ('4e9dab72-8687-4687-95fa-68fedc6a57d2', '43' , 'leer');
INSERT INTO move (id, original_id, name) VALUES ('4a11ef3a-eacf-4e6b-bf8e-9e3e4433e2be', '23' , 'stomp');
INSERT INTO move (id, original_id, name) VALUES ('6b186459-857c-4fd4-95dc-00991f2d9f0e', '26' , 'jump-kick');
INSERT INTO move (id, original_id, name) VALUES ('60f9b444-f418-4c17-ad6c-cf4e571bb67b', '41' , 'twineedle');
INSERT INTO move (id, original_id, name) VALUES ('6539077c-b0cb-4b69-9a9a-015535364824', '50' , 'disable');
INSERT INTO move (id, original_id, name) VALUES ('7f1fa048-9101-472b-830a-1ff86c3c9390', '72' , 'mega-drain');
INSERT INTO move (id, original_id, name) VALUES ('c6f404d7-9079-4bf6-838e-0126eef7a3e7', '11' , 'vice-grip');
INSERT INTO move (id, original_id, name) VALUES ('df5b7670-b47e-4713-809e-aeea22fe03b0', '12' , 'guillotine');
INSERT INTO move (id, original_id, name) VALUES ('876edf1e-d4d7-4e15-9d98-38a2c589281b', '49' , 'sonic-boom');
INSERT INTO type (id, original_id, name) VALUES ('7557f983-c34a-47ba-b3e8-cdc6c1fd7e97', '12' , 'grass');
INSERT INTO type (id, original_id, name) VALUES ('3246137a-3c1a-4c22-a4d2-07d260a3c939', '4' , 'poison');
INSERT INTO type (id, original_id, name) VALUES ('65345a32-8c9f-40a0-9113-2144d1fbfb64', '10' , 'fire');
INSERT INTO type (id, original_id, name) VALUES ('f91b9dfe-9524-499a-809b-93728a1b12fd', '3' , 'flying');
INSERT INTO type (id, original_id, name) VALUES ('5a89bcf3-e914-4174-87a3-c7467757b2d1', '11' , 'water');
INSERT INTO type (id, original_id, name) VALUES ('0ce189f7-61c6-4fb8-98f5-d81b5073ad92', '7' , 'bug');
INSERT INTO type (id, original_id, name) VALUES ('66c0670b-2eee-41f6-a32d-e1e12a141bd8', '1' , 'normal');
INSERT INTO type (id, original_id, name) VALUES ('e81f6163-ff14-4eed-a642-3d3da39475da', '13' , 'electric');
INSERT INTO type (id, original_id, name) VALUES ('dec69f37-9b5f-4f98-95de-f55015eec5c4', '5' , 'ground');
INSERT INTO type (id, original_id, name) VALUES ('dd7988d2-71a8-4b9c-ac9d-da02c3f7a9d4', '18' , 'fairy');
INSERT INTO type (id, original_id, name) VALUES ('746edace-0d17-49e7-82a1-125f7921c94d', '2' , 'fighting');
INSERT INTO type (id, original_id, name) VALUES ('5b2cfdda-d877-4696-a8b2-0cf14ae6d0f7', '14' , 'psychic');
INSERT INTO type (id, original_id, name) VALUES ('3e7be3a4-931b-4704-bdc9-8e075553ee52', '6' , 'rock');
INSERT INTO type (id, original_id, name) VALUES ('fece9912-a0d4-4e8c-b36d-56c3e7f4badb', '9' , 'steel');
INSERT INTO type (id, original_id, name) VALUES ('b864f05c-3c7a-4270-901a-a8e7b2f69cf5', '15' , 'ice');
INSERT INTO type (id, original_id, name) VALUES ('63e78855-fe5c-4f7a-abb9-711f12c70088', '8' , 'ghost');
INSERT INTO pokemon (id, original_id, name, height, weight, species, image_url, cry_sound) VALUES ('ef93ef5a-3cdc-4e5c-9b01-2c3623cc050a', '1' , 'bulbasaur', 7, 69, 'bulbasaur', 'https://raw.githubusercontent.com/PokeAPI/sprites/master/sprites/pokemon/1.png', 'https://raw.githubusercontent.com/PokeAPI/cries/main/cries/pokemon/latest/1.ogg');
INSERT INTO pokemon_ability (pokemon_id, ability_id) VALUES ('ef93ef5a-3cdc-4e5c-9b01-2c3623cc050a', 'd5da3d57-430e-489c-ad40-468dc4dba797');
INSERT INTO pokemon_ability (pokemon_id, ability_id) VALUES ('ef93ef5a-3cdc-4e5c-9b01-2c3623cc050a', '6fa758b7-dfff-4a35-bb8f-41c5acb955c1');
INSERT INTO pokemon_form (pokemon_id, form_id) VALUES ('ef93ef5a-3cdc-4e5c-9b01-2c3623cc050a', '621f5981-713d-4975-a9cd-ddd2b7947f63');
INSERT INTO pokemon_move (pokemon_id, move_id) VALUES ('ef93ef5a-3cdc-4e5c-9b01-2c3623cc050a', '19233272-8c3b-4e96-a9ee-ee146e6a7b05');
INSERT INTO pokemon_move (pokemon_id, move_id) VALUES ('ef93ef5a-3cdc-4e5c-9b01-2c3623cc050a', 'dd7c1592-f25c-4be0-b891-f718a79b3bc7');
INSERT INTO pokemon_move (pokemon_id, move_id) VALUES ('ef93ef5a-3cdc-4e5c-9b01-2c3623cc050a', '8e4532e2-402b-4c35-b3e2-b8df45f33558');
INSERT INTO pokemon_move (pokemon_id, move_id) VALUES ('ef93ef5a-3cdc-4e5c-9b01-2c3623cc050a', 'b786bd6c-4919-4c3a-9e2e-91e95be25d28');
INSERT INTO pokemon_move (pokemon_id, move_id) VALUES ('ef93ef5a-3cdc-4e5c-9b01-2c3623cc050a', '59491845-269b-4f24-8dd8-eb854cd8c060');
INSERT INTO pokemon_type (pokemon_id, type_id) VALUES ('ef93ef5a-3cdc-4e5c-9b01-2c3623cc050a', '7557f983-c34a-47ba-b3e8-cdc6c1fd7e97');
INSERT INTO pokemon_type (pokemon_id, type_id) VALUES ('ef93ef5a-3cdc-4e5c-9b01-2c3623cc050a', '3246137a-3c1a-4c22-a4d2-07d260a3c939');
INSERT INTO pokemon (id, original_id, name, height, weight, species, image_url, cry_sound) VALUES ('4ad68c63-0a42-48d0-9a7d-91727b9aa814', '2' , 'ivysaur', 10, 130, 'ivysaur', 'https://raw.githubusercontent.com/PokeAPI/sprites/master/sprites/pokemon/2.png', 'https://raw.githubusercontent.com/PokeAPI/cries/main/cries/pokemon/latest/2.ogg');
INSERT INTO pokemon_ability (pokemon_id, ability_id) VALUES ('4ad68c63-0a42-48d0-9a7d-91727b9aa814', 'd5da3d57-430e-489c-ad40-468dc4dba797');
INSERT INTO pokemon_ability (pokemon_id, ability_id) VALUES ('4ad68c63-0a42-48d0-9a7d-91727b9aa814', '6fa758b7-dfff-4a35-bb8f-41c5acb955c1');
INSERT INTO pokemon_form (pokemon_id, form_id) VALUES ('4ad68c63-0a42-48d0-9a7d-91727b9aa814', '2070d070-0cfa-47ed-a104-5d4ec5102b4b');
INSERT INTO pokemon_move (pokemon_id, move_id) VALUES ('4ad68c63-0a42-48d0-9a7d-91727b9aa814', 'dd7c1592-f25c-4be0-b891-f718a79b3bc7');
INSERT INTO pokemon_move (pokemon_id, move_id) VALUES ('4ad68c63-0a42-48d0-9a7d-91727b9aa814', '8e4532e2-402b-4c35-b3e2-b8df45f33558');
INSERT INTO pokemon_move (pokemon_id, move_id) VALUES ('4ad68c63-0a42-48d0-9a7d-91727b9aa814', 'b786bd6c-4919-4c3a-9e2e-91e95be25d28');
INSERT INTO pokemon_move (pokemon_id, move_id) VALUES ('4ad68c63-0a42-48d0-9a7d-91727b9aa814', '59491845-269b-4f24-8dd8-eb854cd8c060');
INSERT INTO pokemon_move (pokemon_id, move_id) VALUES ('4ad68c63-0a42-48d0-9a7d-91727b9aa814', 'aea68489-64e1-4505-9fc3-ba736f40a73f');
INSERT INTO pokemon_type (pokemon_id, type_id) VALUES ('4ad68c63-0a42-48d0-9a7d-91727b9aa814', '7557f983-c34a-47ba-b3e8-cdc6c1fd7e97');
INSERT INTO pokemon_type (pokemon_id, type_id) VALUES ('4ad68c63-0a42-48d0-9a7d-91727b9aa814', '3246137a-3c1a-4c22-a4d2-07d260a3c939');
INSERT INTO pokemon (id, original_id, name, height, weight, species, image_url, cry_sound) VALUES ('a5af188c-7c12-42d5-80c9-990d3d386067', '3' , 'venusaur', 20, 1000, 'venusaur', 'https://raw.githubusercontent.com/PokeAPI/sprites/master/sprites/pokemon/3.png', 'https://raw.githubusercontent.com/PokeAPI/cries/main/cries/pokemon/latest/3.ogg');
INSERT INTO pokemon_ability (pokemon_id, ability_id) VALUES ('a5af188c-7c12-42d5-80c9-990d3d386067', 'd5da3d57-430e-489c-ad40-468dc4dba797');
INSERT INTO pokemon_ability (pokemon_id, ability_id) VALUES ('a5af188c-7c12-42d5-80c9-990d3d386067', '6fa758b7-dfff-4a35-bb8f-41c5acb955c1');
INSERT INTO pokemon_form (pokemon_id, form_id) VALUES ('a5af188c-7c12-42d5-80c9-990d3d386067', '632f9456-cf6b-4bee-bb5a-41b5a7b15caf');
INSERT INTO pokemon_move (pokemon_id, move_id) VALUES ('a5af188c-7c12-42d5-80c9-990d3d386067', 'dd7c1592-f25c-4be0-b891-f718a79b3bc7');
INSERT INTO pokemon_move (pokemon_id, move_id) VALUES ('a5af188c-7c12-42d5-80c9-990d3d386067', '8e4532e2-402b-4c35-b3e2-b8df45f33558');
INSERT INTO pokemon_move (pokemon_id, move_id) VALUES ('a5af188c-7c12-42d5-80c9-990d3d386067', 'b786bd6c-4919-4c3a-9e2e-91e95be25d28');
INSERT INTO pokemon_move (pokemon_id, move_id) VALUES ('a5af188c-7c12-42d5-80c9-990d3d386067', '59491845-269b-4f24-8dd8-eb854cd8c060');
INSERT INTO pokemon_move (pokemon_id, move_id) VALUES ('a5af188c-7c12-42d5-80c9-990d3d386067', 'aea68489-64e1-4505-9fc3-ba736f40a73f');
INSERT INTO pokemon_type (pokemon_id, type_id) VALUES ('a5af188c-7c12-42d5-80c9-990d3d386067', '7557f983-c34a-47ba-b3e8-cdc6c1fd7e97');
INSERT INTO pokemon_type (pokemon_id, type_id) VALUES ('a5af188c-7c12-42d5-80c9-990d3d386067', '3246137a-3c1a-4c22-a4d2-07d260a3c939');
INSERT INTO pokemon (id, original_id, name, height, weight, species, image_url, cry_sound) VALUES ('d737fa27-1c67-456c-8be8-6f74f37bad0f', '4' , 'charmander', 6, 85, 'charmander', 'https://raw.githubusercontent.com/PokeAPI/sprites/master/sprites/pokemon/4.png', 'https://raw.githubusercontent.com/PokeAPI/cries/main/cries/pokemon/latest/4.ogg');
INSERT INTO pokemon_ability (pokemon_id, ability_id) VALUES ('d737fa27-1c67-456c-8be8-6f74f37bad0f', 'fbbcc862-7c7f-4a25-8dd0-e170afb50688');
INSERT INTO pokemon_ability (pokemon_id, ability_id) VALUES ('d737fa27-1c67-456c-8be8-6f74f37bad0f', 'abfcc256-f73f-43dd-8c5c-ac354300138c');
INSERT INTO pokemon_form (pokemon_id, form_id) VALUES ('d737fa27-1c67-456c-8be8-6f74f37bad0f', '8eb27a9a-c78e-44cc-a7d6-0ec9ab908703');
INSERT INTO pokemon_move (pokemon_id, move_id) VALUES ('d737fa27-1c67-456c-8be8-6f74f37bad0f', '8f2e0a15-7a9d-4afb-8eea-16750e9484ed');
INSERT INTO pokemon_move (pokemon_id, move_id) VALUES ('d737fa27-1c67-456c-8be8-6f74f37bad0f', '0614a7ba-df34-4fea-8467-0b6eece4fb9f');
INSERT INTO pokemon_move (pokemon_id, move_id) VALUES ('d737fa27-1c67-456c-8be8-6f74f37bad0f', '8408b44b-a75a-489b-b509-1be599ff37b2');
INSERT INTO pokemon_move (pokemon_id, move_id) VALUES ('d737fa27-1c67-456c-8be8-6f74f37bad0f', '9ea828b7-9450-46a7-892f-343f5c97817b');
INSERT INTO pokemon_move (pokemon_id, move_id) VALUES ('d737fa27-1c67-456c-8be8-6f74f37bad0f', 'dd7c1592-f25c-4be0-b891-f718a79b3bc7');
INSERT INTO pokemon_type (pokemon_id, type_id) VALUES ('d737fa27-1c67-456c-8be8-6f74f37bad0f', '65345a32-8c9f-40a0-9113-2144d1fbfb64');
INSERT INTO pokemon (id, original_id, name, height, weight, species, image_url, cry_sound) VALUES ('9e66b8f3-5ed2-478b-9408-b39e551e2d9f', '5' , 'charmeleon', 11, 190, 'charmeleon', 'https://raw.githubusercontent.com/PokeAPI/sprites/master/sprites/pokemon/5.png', 'https://raw.githubusercontent.com/PokeAPI/cries/main/cries/pokemon/latest/5.ogg');
INSERT INTO pokemon_ability (pokemon_id, ability_id) VALUES ('9e66b8f3-5ed2-478b-9408-b39e551e2d9f', 'fbbcc862-7c7f-4a25-8dd0-e170afb50688');
INSERT INTO pokemon_ability (pokemon_id, ability_id) VALUES ('9e66b8f3-5ed2-478b-9408-b39e551e2d9f', 'abfcc256-f73f-43dd-8c5c-ac354300138c');
INSERT INTO pokemon_form (pokemon_id, form_id) VALUES ('9e66b8f3-5ed2-478b-9408-b39e551e2d9f', 'e3fa3797-2f1d-4f50-a3fe-f65286dd6378');
INSERT INTO pokemon_move (pokemon_id, move_id) VALUES ('9e66b8f3-5ed2-478b-9408-b39e551e2d9f', '8f2e0a15-7a9d-4afb-8eea-16750e9484ed');
INSERT INTO pokemon_move (pokemon_id, move_id) VALUES ('9e66b8f3-5ed2-478b-9408-b39e551e2d9f', '0614a7ba-df34-4fea-8467-0b6eece4fb9f');
INSERT INTO pokemon_move (pokemon_id, move_id) VALUES ('9e66b8f3-5ed2-478b-9408-b39e551e2d9f', '8408b44b-a75a-489b-b509-1be599ff37b2');
INSERT INTO pokemon_move (pokemon_id, move_id) VALUES ('9e66b8f3-5ed2-478b-9408-b39e551e2d9f', '9ea828b7-9450-46a7-892f-343f5c97817b');
INSERT INTO pokemon_move (pokemon_id, move_id) VALUES ('9e66b8f3-5ed2-478b-9408-b39e551e2d9f', 'dd7c1592-f25c-4be0-b891-f718a79b3bc7');
INSERT INTO pokemon_type (pokemon_id, type_id) VALUES ('9e66b8f3-5ed2-478b-9408-b39e551e2d9f', '65345a32-8c9f-40a0-9113-2144d1fbfb64');
INSERT INTO pokemon (id, original_id, name, height, weight, species, image_url, cry_sound) VALUES ('eed04266-a814-4b2f-8086-a7cefb19dcab', '6' , 'charizard', 17, 905, 'charizard', 'https://raw.githubusercontent.com/PokeAPI/sprites/master/sprites/pokemon/6.png', 'https://raw.githubusercontent.com/PokeAPI/cries/main/cries/pokemon/latest/6.ogg');
INSERT INTO pokemon_ability (pokemon_id, ability_id) VALUES ('eed04266-a814-4b2f-8086-a7cefb19dcab', 'fbbcc862-7c7f-4a25-8dd0-e170afb50688');
INSERT INTO pokemon_ability (pokemon_id, ability_id) VALUES ('eed04266-a814-4b2f-8086-a7cefb19dcab', 'abfcc256-f73f-43dd-8c5c-ac354300138c');
INSERT INTO pokemon_form (pokemon_id, form_id) VALUES ('eed04266-a814-4b2f-8086-a7cefb19dcab', '4cf2e10a-11e3-4fe3-869c-7db40e563ed0');
INSERT INTO pokemon_move (pokemon_id, move_id) VALUES ('eed04266-a814-4b2f-8086-a7cefb19dcab', '8f2e0a15-7a9d-4afb-8eea-16750e9484ed');
INSERT INTO pokemon_move (pokemon_id, move_id) VALUES ('eed04266-a814-4b2f-8086-a7cefb19dcab', '0614a7ba-df34-4fea-8467-0b6eece4fb9f');
INSERT INTO pokemon_move (pokemon_id, move_id) VALUES ('eed04266-a814-4b2f-8086-a7cefb19dcab', '8408b44b-a75a-489b-b509-1be599ff37b2');
INSERT INTO pokemon_move (pokemon_id, move_id) VALUES ('eed04266-a814-4b2f-8086-a7cefb19dcab', '9ea828b7-9450-46a7-892f-343f5c97817b');
INSERT INTO pokemon_move (pokemon_id, move_id) VALUES ('eed04266-a814-4b2f-8086-a7cefb19dcab', 'dd7c1592-f25c-4be0-b891-f718a79b3bc7');
INSERT INTO pokemon_type (pokemon_id, type_id) VALUES ('eed04266-a814-4b2f-8086-a7cefb19dcab', '65345a32-8c9f-40a0-9113-2144d1fbfb64');
INSERT INTO pokemon_type (pokemon_id, type_id) VALUES ('eed04266-a814-4b2f-8086-a7cefb19dcab', 'f91b9dfe-9524-499a-809b-93728a1b12fd');
INSERT INTO pokemon (id, original_id, name, height, weight, species, image_url, cry_sound) VALUES ('b44343f2-e4eb-40be-967f-e79a0748cc78', '7' , 'squirtle', 5, 90, 'squirtle', 'https://raw.githubusercontent.com/PokeAPI/sprites/master/sprites/pokemon/7.png', 'https://raw.githubusercontent.com/PokeAPI/cries/main/cries/pokemon/latest/7.ogg');
INSERT INTO pokemon_ability (pokemon_id, ability_id) VALUES ('b44343f2-e4eb-40be-967f-e79a0748cc78', 'c66c8b81-91bb-4c30-9f0f-4ba97a56be24');
INSERT INTO pokemon_ability (pokemon_id, ability_id) VALUES ('b44343f2-e4eb-40be-967f-e79a0748cc78', 'fa901323-d5e3-4d37-9578-c8c75999c29a');
INSERT INTO pokemon_form (pokemon_id, form_id) VALUES ('b44343f2-e4eb-40be-967f-e79a0748cc78', '33b48e43-105a-4cd2-981d-421a2fa3b7f8');
INSERT INTO pokemon_move (pokemon_id, move_id) VALUES ('b44343f2-e4eb-40be-967f-e79a0748cc78', '8f2e0a15-7a9d-4afb-8eea-16750e9484ed');
INSERT INTO pokemon_move (pokemon_id, move_id) VALUES ('b44343f2-e4eb-40be-967f-e79a0748cc78', 'ba84d053-7a99-4da5-828b-e4ea229e08d3');
INSERT INTO pokemon_move (pokemon_id, move_id) VALUES ('b44343f2-e4eb-40be-967f-e79a0748cc78', '6b613c64-594e-4df6-a894-86b8e324482c');
INSERT INTO pokemon_move (pokemon_id, move_id) VALUES ('b44343f2-e4eb-40be-967f-e79a0748cc78', 'aea68489-64e1-4505-9fc3-ba736f40a73f');
INSERT INTO pokemon_move (pokemon_id, move_id) VALUES ('b44343f2-e4eb-40be-967f-e79a0748cc78', 'a13b160c-b04c-4024-bc63-0e4e60ddc241');
INSERT INTO pokemon_type (pokemon_id, type_id) VALUES ('b44343f2-e4eb-40be-967f-e79a0748cc78', '5a89bcf3-e914-4174-87a3-c7467757b2d1');
INSERT INTO pokemon (id, original_id, name, height, weight, species, image_url, cry_sound) VALUES ('b6db889e-eaee-41f5-a4c3-3f561a0006e6', '8' , 'wartortle', 10, 225, 'wartortle', 'https://raw.githubusercontent.com/PokeAPI/sprites/master/sprites/pokemon/8.png', 'https://raw.githubusercontent.com/PokeAPI/cries/main/cries/pokemon/latest/8.ogg');
INSERT INTO pokemon_ability (pokemon_id, ability_id) VALUES ('b6db889e-eaee-41f5-a4c3-3f561a0006e6', 'c66c8b81-91bb-4c30-9f0f-4ba97a56be24');
INSERT INTO pokemon_ability (pokemon_id, ability_id) VALUES ('b6db889e-eaee-41f5-a4c3-3f561a0006e6', 'fa901323-d5e3-4d37-9578-c8c75999c29a');
INSERT INTO pokemon_form (pokemon_id, form_id) VALUES ('b6db889e-eaee-41f5-a4c3-3f561a0006e6', '1157b879-1a34-4dd8-b8e8-abe2abc1cf34');
INSERT INTO pokemon_move (pokemon_id, move_id) VALUES ('b6db889e-eaee-41f5-a4c3-3f561a0006e6', '8f2e0a15-7a9d-4afb-8eea-16750e9484ed');
INSERT INTO pokemon_move (pokemon_id, move_id) VALUES ('b6db889e-eaee-41f5-a4c3-3f561a0006e6', 'ba84d053-7a99-4da5-828b-e4ea229e08d3');
INSERT INTO pokemon_move (pokemon_id, move_id) VALUES ('b6db889e-eaee-41f5-a4c3-3f561a0006e6', '6b613c64-594e-4df6-a894-86b8e324482c');
INSERT INTO pokemon_move (pokemon_id, move_id) VALUES ('b6db889e-eaee-41f5-a4c3-3f561a0006e6', 'aea68489-64e1-4505-9fc3-ba736f40a73f');
INSERT INTO pokemon_move (pokemon_id, move_id) VALUES ('b6db889e-eaee-41f5-a4c3-3f561a0006e6', 'a13b160c-b04c-4024-bc63-0e4e60ddc241');
INSERT INTO pokemon_type (pokemon_id, type_id) VALUES ('b6db889e-eaee-41f5-a4c3-3f561a0006e6', '5a89bcf3-e914-4174-87a3-c7467757b2d1');
INSERT INTO pokemon (id, original_id, name, height, weight, species, image_url, cry_sound) VALUES ('09ae744c-0a6f-4a4e-a592-244b66a2f52f', '9' , 'blastoise', 16, 855, 'blastoise', 'https://raw.githubusercontent.com/PokeAPI/sprites/master/sprites/pokemon/9.png', 'https://raw.githubusercontent.com/PokeAPI/cries/main/cries/pokemon/latest/9.ogg');
INSERT INTO pokemon_ability (pokemon_id, ability_id) VALUES ('09ae744c-0a6f-4a4e-a592-244b66a2f52f', 'c66c8b81-91bb-4c30-9f0f-4ba97a56be24');
INSERT INTO pokemon_ability (pokemon_id, ability_id) VALUES ('09ae744c-0a6f-4a4e-a592-244b66a2f52f', 'fa901323-d5e3-4d37-9578-c8c75999c29a');
INSERT INTO pokemon_form (pokemon_id, form_id) VALUES ('09ae744c-0a6f-4a4e-a592-244b66a2f52f', '36c26ad2-9bf0-4d92-abc3-f1f7b10ea449');
INSERT INTO pokemon_move (pokemon_id, move_id) VALUES ('09ae744c-0a6f-4a4e-a592-244b66a2f52f', '8f2e0a15-7a9d-4afb-8eea-16750e9484ed');
INSERT INTO pokemon_move (pokemon_id, move_id) VALUES ('09ae744c-0a6f-4a4e-a592-244b66a2f52f', 'ba84d053-7a99-4da5-828b-e4ea229e08d3');
INSERT INTO pokemon_move (pokemon_id, move_id) VALUES ('09ae744c-0a6f-4a4e-a592-244b66a2f52f', '6b613c64-594e-4df6-a894-86b8e324482c');
INSERT INTO pokemon_move (pokemon_id, move_id) VALUES ('09ae744c-0a6f-4a4e-a592-244b66a2f52f', 'aea68489-64e1-4505-9fc3-ba736f40a73f');
INSERT INTO pokemon_move (pokemon_id, move_id) VALUES ('09ae744c-0a6f-4a4e-a592-244b66a2f52f', 'a13b160c-b04c-4024-bc63-0e4e60ddc241');
INSERT INTO pokemon_type (pokemon_id, type_id) VALUES ('09ae744c-0a6f-4a4e-a592-244b66a2f52f', '5a89bcf3-e914-4174-87a3-c7467757b2d1');
INSERT INTO pokemon (id, original_id, name, height, weight, species, image_url, cry_sound) VALUES ('68b90218-5bc7-402c-9ec3-b1e94976d569', '10' , 'caterpie', 3, 29, 'caterpie', 'https://raw.githubusercontent.com/PokeAPI/sprites/master/sprites/pokemon/10.png', 'https://raw.githubusercontent.com/PokeAPI/cries/main/cries/pokemon/latest/10.ogg');
INSERT INTO pokemon_ability (pokemon_id, ability_id) VALUES ('68b90218-5bc7-402c-9ec3-b1e94976d569', '49579ebf-9073-4ee3-b8cc-23c476beed59');
INSERT INTO pokemon_ability (pokemon_id, ability_id) VALUES ('68b90218-5bc7-402c-9ec3-b1e94976d569', 'dc594db6-ac1f-4ffd-b66e-33fe3a9c61f0');
INSERT INTO pokemon_form (pokemon_id, form_id) VALUES ('68b90218-5bc7-402c-9ec3-b1e94976d569', 'd6de1934-fa23-4e2e-8a82-fafe17f2239c');
INSERT INTO pokemon_move (pokemon_id, move_id) VALUES ('68b90218-5bc7-402c-9ec3-b1e94976d569', 'a13b160c-b04c-4024-bc63-0e4e60ddc241');
INSERT INTO pokemon_move (pokemon_id, move_id) VALUES ('68b90218-5bc7-402c-9ec3-b1e94976d569', '400a4d79-0ee0-4c48-a023-cbf99eefe96f');
INSERT INTO pokemon_move (pokemon_id, move_id) VALUES ('68b90218-5bc7-402c-9ec3-b1e94976d569', '139a2944-916d-44a5-b916-e3bff709bc8b');
INSERT INTO pokemon_move (pokemon_id, move_id) VALUES ('68b90218-5bc7-402c-9ec3-b1e94976d569', 'fc7cc6c8-e744-46b4-bea8-9cba16d166b5');
INSERT INTO pokemon_move (pokemon_id, move_id) VALUES ('68b90218-5bc7-402c-9ec3-b1e94976d569', 'fd973a4c-312b-4655-9df4-87e1ab3167ab');
INSERT INTO pokemon_type (pokemon_id, type_id) VALUES ('68b90218-5bc7-402c-9ec3-b1e94976d569', '0ce189f7-61c6-4fb8-98f5-d81b5073ad92');
INSERT INTO pokemon (id, original_id, name, height, weight, species, image_url, cry_sound) VALUES ('5fdb5f3f-e874-438a-996b-e76bf857945c', '11' , 'metapod', 7, 99, 'metapod', 'https://raw.githubusercontent.com/PokeAPI/sprites/master/sprites/pokemon/11.png', 'https://raw.githubusercontent.com/PokeAPI/cries/main/cries/pokemon/latest/11.ogg');
INSERT INTO pokemon_ability (pokemon_id, ability_id) VALUES ('5fdb5f3f-e874-438a-996b-e76bf857945c', 'a28b16ec-9672-42e3-b24e-67641c4f5ad9');
INSERT INTO pokemon_form (pokemon_id, form_id) VALUES ('5fdb5f3f-e874-438a-996b-e76bf857945c', '7404da8f-ff72-4884-b605-c505bc029bbf');
INSERT INTO pokemon_move (pokemon_id, move_id) VALUES ('5fdb5f3f-e874-438a-996b-e76bf857945c', '400a4d79-0ee0-4c48-a023-cbf99eefe96f');
INSERT INTO pokemon_move (pokemon_id, move_id) VALUES ('5fdb5f3f-e874-438a-996b-e76bf857945c', '2914e70a-9dd3-474c-a7fe-b9157c90c922');
INSERT INTO pokemon_move (pokemon_id, move_id) VALUES ('5fdb5f3f-e874-438a-996b-e76bf857945c', '9fde7d53-d8c7-491d-90a2-1830be93c423');
INSERT INTO pokemon_move (pokemon_id, move_id) VALUES ('5fdb5f3f-e874-438a-996b-e76bf857945c', 'fc7cc6c8-e744-46b4-bea8-9cba16d166b5');
INSERT INTO pokemon_move (pokemon_id, move_id) VALUES ('5fdb5f3f-e874-438a-996b-e76bf857945c', 'fd973a4c-312b-4655-9df4-87e1ab3167ab');
INSERT INTO pokemon_type (pokemon_id, type_id) VALUES ('5fdb5f3f-e874-438a-996b-e76bf857945c', '0ce189f7-61c6-4fb8-98f5-d81b5073ad92');
INSERT INTO pokemon (id, original_id, name, height, weight, species, image_url, cry_sound) VALUES ('c7e6e770-754b-48f6-b916-938b074816e0', '12' , 'butterfree', 11, 320, 'butterfree', 'https://raw.githubusercontent.com/PokeAPI/sprites/master/sprites/pokemon/12.png', 'https://raw.githubusercontent.com/PokeAPI/cries/main/cries/pokemon/latest/12.ogg');
INSERT INTO pokemon_ability (pokemon_id, ability_id) VALUES ('c7e6e770-754b-48f6-b916-938b074816e0', 'e432d8d3-5c78-44e6-997e-dee2c88ad384');
INSERT INTO pokemon_ability (pokemon_id, ability_id) VALUES ('c7e6e770-754b-48f6-b916-938b074816e0', '7f1c66e1-4092-40f1-b30d-2ac73c0bf47d');
INSERT INTO pokemon_form (pokemon_id, form_id) VALUES ('c7e6e770-754b-48f6-b916-938b074816e0', 'b2ba81d5-4f70-4182-86b5-e75db88ad343');
INSERT INTO pokemon_held_item (pokemon_id, held_item_id) VALUES ('c7e6e770-754b-48f6-b916-938b074816e0', 'ec01256d-ac3a-4306-a443-cd3c7f448c46');
INSERT INTO pokemon_move (pokemon_id, move_id) VALUES ('c7e6e770-754b-48f6-b916-938b074816e0', '19233272-8c3b-4e96-a9ee-ee146e6a7b05');
INSERT INTO pokemon_move (pokemon_id, move_id) VALUES ('c7e6e770-754b-48f6-b916-938b074816e0', '8fc0e8ef-64e2-4803-b954-427d4f8b8ad9');
INSERT INTO pokemon_move (pokemon_id, move_id) VALUES ('c7e6e770-754b-48f6-b916-938b074816e0', '4a26e96a-9241-408b-bc29-f918af316ee2');
INSERT INTO pokemon_move (pokemon_id, move_id) VALUES ('c7e6e770-754b-48f6-b916-938b074816e0', 'aea68489-64e1-4505-9fc3-ba736f40a73f');
INSERT INTO pokemon_move (pokemon_id, move_id) VALUES ('c7e6e770-754b-48f6-b916-938b074816e0', 'a13b160c-b04c-4024-bc63-0e4e60ddc241');
INSERT INTO pokemon_type (pokemon_id, type_id) VALUES ('c7e6e770-754b-48f6-b916-938b074816e0', '0ce189f7-61c6-4fb8-98f5-d81b5073ad92');
INSERT INTO pokemon_type (pokemon_id, type_id) VALUES ('c7e6e770-754b-48f6-b916-938b074816e0', 'f91b9dfe-9524-499a-809b-93728a1b12fd');
INSERT INTO pokemon (id, original_id, name, height, weight, species, image_url, cry_sound) VALUES ('2ac12bdd-893a-40c6-b700-0090276b8489', '13' , 'weedle', 3, 32, 'weedle', 'https://raw.githubusercontent.com/PokeAPI/sprites/master/sprites/pokemon/13.png', 'https://raw.githubusercontent.com/PokeAPI/cries/main/cries/pokemon/latest/13.ogg');
INSERT INTO pokemon_ability (pokemon_id, ability_id) VALUES ('2ac12bdd-893a-40c6-b700-0090276b8489', '49579ebf-9073-4ee3-b8cc-23c476beed59');
INSERT INTO pokemon_ability (pokemon_id, ability_id) VALUES ('2ac12bdd-893a-40c6-b700-0090276b8489', 'dc594db6-ac1f-4ffd-b66e-33fe3a9c61f0');
INSERT INTO pokemon_form (pokemon_id, form_id) VALUES ('2ac12bdd-893a-40c6-b700-0090276b8489', '617bf030-31f0-4ae4-a5d2-6760d5db03db');
INSERT INTO pokemon_move (pokemon_id, move_id) VALUES ('2ac12bdd-893a-40c6-b700-0090276b8489', '87d36eea-d2bd-4198-9a58-3f7eadcb21b4');
INSERT INTO pokemon_move (pokemon_id, move_id) VALUES ('2ac12bdd-893a-40c6-b700-0090276b8489', '400a4d79-0ee0-4c48-a023-cbf99eefe96f');
INSERT INTO pokemon_move (pokemon_id, move_id) VALUES ('2ac12bdd-893a-40c6-b700-0090276b8489', 'fc7cc6c8-e744-46b4-bea8-9cba16d166b5');
INSERT INTO pokemon_move (pokemon_id, move_id) VALUES ('2ac12bdd-893a-40c6-b700-0090276b8489', 'fd973a4c-312b-4655-9df4-87e1ab3167ab');
INSERT INTO pokemon_type (pokemon_id, type_id) VALUES ('2ac12bdd-893a-40c6-b700-0090276b8489', '0ce189f7-61c6-4fb8-98f5-d81b5073ad92');
INSERT INTO pokemon_type (pokemon_id, type_id) VALUES ('2ac12bdd-893a-40c6-b700-0090276b8489', '3246137a-3c1a-4c22-a4d2-07d260a3c939');
INSERT INTO pokemon (id, original_id, name, height, weight, species, image_url, cry_sound) VALUES ('6c223171-0197-4725-9a8d-764f38dac9f6', '14' , 'kakuna', 6, 100, 'kakuna', 'https://raw.githubusercontent.com/PokeAPI/sprites/master/sprites/pokemon/14.png', 'https://raw.githubusercontent.com/PokeAPI/cries/main/cries/pokemon/latest/14.ogg');
INSERT INTO pokemon_ability (pokemon_id, ability_id) VALUES ('6c223171-0197-4725-9a8d-764f38dac9f6', 'a28b16ec-9672-42e3-b24e-67641c4f5ad9');
INSERT INTO pokemon_form (pokemon_id, form_id) VALUES ('6c223171-0197-4725-9a8d-764f38dac9f6', 'c0d88b43-e99e-4819-8705-fac923e0a654');
INSERT INTO pokemon_move (pokemon_id, move_id) VALUES ('6c223171-0197-4725-9a8d-764f38dac9f6', '400a4d79-0ee0-4c48-a023-cbf99eefe96f');
INSERT INTO pokemon_move (pokemon_id, move_id) VALUES ('6c223171-0197-4725-9a8d-764f38dac9f6', '2914e70a-9dd3-474c-a7fe-b9157c90c922');
INSERT INTO pokemon_move (pokemon_id, move_id) VALUES ('6c223171-0197-4725-9a8d-764f38dac9f6', '9fde7d53-d8c7-491d-90a2-1830be93c423');
INSERT INTO pokemon_move (pokemon_id, move_id) VALUES ('6c223171-0197-4725-9a8d-764f38dac9f6', 'fc7cc6c8-e744-46b4-bea8-9cba16d166b5');
INSERT INTO pokemon_move (pokemon_id, move_id) VALUES ('6c223171-0197-4725-9a8d-764f38dac9f6', 'fd973a4c-312b-4655-9df4-87e1ab3167ab');
INSERT INTO pokemon_type (pokemon_id, type_id) VALUES ('6c223171-0197-4725-9a8d-764f38dac9f6', '0ce189f7-61c6-4fb8-98f5-d81b5073ad92');
INSERT INTO pokemon_type (pokemon_id, type_id) VALUES ('6c223171-0197-4725-9a8d-764f38dac9f6', '3246137a-3c1a-4c22-a4d2-07d260a3c939');
INSERT INTO pokemon (id, original_id, name, height, weight, species, image_url, cry_sound) VALUES ('ef58b72f-4e03-4c93-92e0-1ff7d9dee925', '15' , 'beedrill', 10, 295, 'beedrill', 'https://raw.githubusercontent.com/PokeAPI/sprites/master/sprites/pokemon/15.png', 'https://raw.githubusercontent.com/PokeAPI/cries/main/cries/pokemon/latest/15.ogg');
INSERT INTO pokemon_ability (pokemon_id, ability_id) VALUES ('ef58b72f-4e03-4c93-92e0-1ff7d9dee925', 'cbd629cd-3131-4638-ac7c-28de68f61a33');
INSERT INTO pokemon_ability (pokemon_id, ability_id) VALUES ('ef58b72f-4e03-4c93-92e0-1ff7d9dee925', 'a4003f6a-6a9d-4376-a63d-f75f44cd3877');
INSERT INTO pokemon_form (pokemon_id, form_id) VALUES ('ef58b72f-4e03-4c93-92e0-1ff7d9dee925', '876e0a8e-ea82-47dc-a344-fc80a3f4fed6');
INSERT INTO pokemon_held_item (pokemon_id, held_item_id) VALUES ('ef58b72f-4e03-4c93-92e0-1ff7d9dee925', 'ba467a86-ac3f-4e9a-b554-51869c0ab52d');
INSERT INTO pokemon_move (pokemon_id, move_id) VALUES ('ef58b72f-4e03-4c93-92e0-1ff7d9dee925', 'dd7c1592-f25c-4be0-b891-f718a79b3bc7');
INSERT INTO pokemon_move (pokemon_id, move_id) VALUES ('ef58b72f-4e03-4c93-92e0-1ff7d9dee925', '8e4532e2-402b-4c35-b3e2-b8df45f33558');
INSERT INTO pokemon_move (pokemon_id, move_id) VALUES ('ef58b72f-4e03-4c93-92e0-1ff7d9dee925', 'aea68489-64e1-4505-9fc3-ba736f40a73f');
INSERT INTO pokemon_move (pokemon_id, move_id) VALUES ('ef58b72f-4e03-4c93-92e0-1ff7d9dee925', '9241e827-f3af-491c-bb52-aee4e9229b16');
INSERT INTO pokemon_move (pokemon_id, move_id) VALUES ('ef58b72f-4e03-4c93-92e0-1ff7d9dee925', '3df4a465-c9e3-4da8-a582-50747f45c60e');
INSERT INTO pokemon_type (pokemon_id, type_id) VALUES ('ef58b72f-4e03-4c93-92e0-1ff7d9dee925', '0ce189f7-61c6-4fb8-98f5-d81b5073ad92');
INSERT INTO pokemon_type (pokemon_id, type_id) VALUES ('ef58b72f-4e03-4c93-92e0-1ff7d9dee925', '3246137a-3c1a-4c22-a4d2-07d260a3c939');
INSERT INTO pokemon (id, original_id, name, height, weight, species, image_url, cry_sound) VALUES ('d53943ee-688a-48d6-8408-aa63dbcec770', '16' , 'pidgey', 3, 18, 'pidgey', 'https://raw.githubusercontent.com/PokeAPI/sprites/master/sprites/pokemon/16.png', 'https://raw.githubusercontent.com/PokeAPI/cries/main/cries/pokemon/latest/16.ogg');
INSERT INTO pokemon_ability (pokemon_id, ability_id) VALUES ('d53943ee-688a-48d6-8408-aa63dbcec770', '80b3e403-81dc-440d-9e82-8aa93a5d77ce');
INSERT INTO pokemon_ability (pokemon_id, ability_id) VALUES ('d53943ee-688a-48d6-8408-aa63dbcec770', 'f451cdb1-ec45-484f-99f7-1fc70d4bd7fa');
INSERT INTO pokemon_ability (pokemon_id, ability_id) VALUES ('d53943ee-688a-48d6-8408-aa63dbcec770', 'a57cd846-ab1b-4862-a08b-e95014f7cfea');
INSERT INTO pokemon_form (pokemon_id, form_id) VALUES ('d53943ee-688a-48d6-8408-aa63dbcec770', 'f3aeb259-ea9b-4370-b2bc-51141671a60a');
INSERT INTO pokemon_move (pokemon_id, move_id) VALUES ('d53943ee-688a-48d6-8408-aa63dbcec770', '19233272-8c3b-4e96-a9ee-ee146e6a7b05');
INSERT INTO pokemon_move (pokemon_id, move_id) VALUES ('d53943ee-688a-48d6-8408-aa63dbcec770', '8fc0e8ef-64e2-4803-b954-427d4f8b8ad9');
INSERT INTO pokemon_move (pokemon_id, move_id) VALUES ('d53943ee-688a-48d6-8408-aa63dbcec770', 'c977bf4f-9f86-400a-996c-87fb62b40c68');
INSERT INTO pokemon_move (pokemon_id, move_id) VALUES ('d53943ee-688a-48d6-8408-aa63dbcec770', '4a26e96a-9241-408b-bc29-f918af316ee2');
INSERT INTO pokemon_move (pokemon_id, move_id) VALUES ('d53943ee-688a-48d6-8408-aa63dbcec770', '615d039e-a238-464e-abe3-72d7bc3683c7');
INSERT INTO pokemon_type (pokemon_id, type_id) VALUES ('d53943ee-688a-48d6-8408-aa63dbcec770', '66c0670b-2eee-41f6-a32d-e1e12a141bd8');
INSERT INTO pokemon_type (pokemon_id, type_id) VALUES ('d53943ee-688a-48d6-8408-aa63dbcec770', 'f91b9dfe-9524-499a-809b-93728a1b12fd');
INSERT INTO pokemon (id, original_id, name, height, weight, species, image_url, cry_sound) VALUES ('714858fd-0d87-4f41-8359-a91b8d28edf6', '17' , 'pidgeotto', 11, 300, 'pidgeotto', 'https://raw.githubusercontent.com/PokeAPI/sprites/master/sprites/pokemon/17.png', 'https://raw.githubusercontent.com/PokeAPI/cries/main/cries/pokemon/latest/17.ogg');
INSERT INTO pokemon_ability (pokemon_id, ability_id) VALUES ('714858fd-0d87-4f41-8359-a91b8d28edf6', '80b3e403-81dc-440d-9e82-8aa93a5d77ce');
INSERT INTO pokemon_ability (pokemon_id, ability_id) VALUES ('714858fd-0d87-4f41-8359-a91b8d28edf6', 'f451cdb1-ec45-484f-99f7-1fc70d4bd7fa');
INSERT INTO pokemon_ability (pokemon_id, ability_id) VALUES ('714858fd-0d87-4f41-8359-a91b8d28edf6', 'a57cd846-ab1b-4862-a08b-e95014f7cfea');
INSERT INTO pokemon_form (pokemon_id, form_id) VALUES ('714858fd-0d87-4f41-8359-a91b8d28edf6', 'b88f477c-250c-4199-9b5d-dfa8cd9cd6ac');
INSERT INTO pokemon_move (pokemon_id, move_id) VALUES ('714858fd-0d87-4f41-8359-a91b8d28edf6', '19233272-8c3b-4e96-a9ee-ee146e6a7b05');
INSERT INTO pokemon_move (pokemon_id, move_id) VALUES ('714858fd-0d87-4f41-8359-a91b8d28edf6', '8fc0e8ef-64e2-4803-b954-427d4f8b8ad9');
INSERT INTO pokemon_move (pokemon_id, move_id) VALUES ('714858fd-0d87-4f41-8359-a91b8d28edf6', 'c977bf4f-9f86-400a-996c-87fb62b40c68');
INSERT INTO pokemon_move (pokemon_id, move_id) VALUES ('714858fd-0d87-4f41-8359-a91b8d28edf6', '4a26e96a-9241-408b-bc29-f918af316ee2');
INSERT INTO pokemon_move (pokemon_id, move_id) VALUES ('714858fd-0d87-4f41-8359-a91b8d28edf6', '615d039e-a238-464e-abe3-72d7bc3683c7');
INSERT INTO pokemon_type (pokemon_id, type_id) VALUES ('714858fd-0d87-4f41-8359-a91b8d28edf6', '66c0670b-2eee-41f6-a32d-e1e12a141bd8');
INSERT INTO pokemon_type (pokemon_id, type_id) VALUES ('714858fd-0d87-4f41-8359-a91b8d28edf6', 'f91b9dfe-9524-499a-809b-93728a1b12fd');
INSERT INTO pokemon (id, original_id, name, height, weight, species, image_url, cry_sound) VALUES ('1d7a7916-1317-4e39-b2ae-b3f3f25cec9c', '18' , 'pidgeot', 15, 395, 'pidgeot', 'https://raw.githubusercontent.com/PokeAPI/sprites/master/sprites/pokemon/18.png', 'https://raw.githubusercontent.com/PokeAPI/cries/main/cries/pokemon/latest/18.ogg');
INSERT INTO pokemon_ability (pokemon_id, ability_id) VALUES ('1d7a7916-1317-4e39-b2ae-b3f3f25cec9c', '80b3e403-81dc-440d-9e82-8aa93a5d77ce');
INSERT INTO pokemon_ability (pokemon_id, ability_id) VALUES ('1d7a7916-1317-4e39-b2ae-b3f3f25cec9c', 'f451cdb1-ec45-484f-99f7-1fc70d4bd7fa');
INSERT INTO pokemon_ability (pokemon_id, ability_id) VALUES ('1d7a7916-1317-4e39-b2ae-b3f3f25cec9c', 'a57cd846-ab1b-4862-a08b-e95014f7cfea');
INSERT INTO pokemon_form (pokemon_id, form_id) VALUES ('1d7a7916-1317-4e39-b2ae-b3f3f25cec9c', '53ba7e8d-104d-42cd-b3f2-725c896042c8');
INSERT INTO pokemon_move (pokemon_id, move_id) VALUES ('1d7a7916-1317-4e39-b2ae-b3f3f25cec9c', '19233272-8c3b-4e96-a9ee-ee146e6a7b05');
INSERT INTO pokemon_move (pokemon_id, move_id) VALUES ('1d7a7916-1317-4e39-b2ae-b3f3f25cec9c', '8fc0e8ef-64e2-4803-b954-427d4f8b8ad9');
INSERT INTO pokemon_move (pokemon_id, move_id) VALUES ('1d7a7916-1317-4e39-b2ae-b3f3f25cec9c', 'c977bf4f-9f86-400a-996c-87fb62b40c68');
INSERT INTO pokemon_move (pokemon_id, move_id) VALUES ('1d7a7916-1317-4e39-b2ae-b3f3f25cec9c', '4a26e96a-9241-408b-bc29-f918af316ee2');
INSERT INTO pokemon_move (pokemon_id, move_id) VALUES ('1d7a7916-1317-4e39-b2ae-b3f3f25cec9c', '615d039e-a238-464e-abe3-72d7bc3683c7');
INSERT INTO pokemon_type (pokemon_id, type_id) VALUES ('1d7a7916-1317-4e39-b2ae-b3f3f25cec9c', '66c0670b-2eee-41f6-a32d-e1e12a141bd8');
INSERT INTO pokemon_type (pokemon_id, type_id) VALUES ('1d7a7916-1317-4e39-b2ae-b3f3f25cec9c', 'f91b9dfe-9524-499a-809b-93728a1b12fd');
INSERT INTO pokemon (id, original_id, name, height, weight, species, image_url, cry_sound) VALUES ('a15b4dcb-ef76-44f0-81ad-855580559846', '19' , 'rattata', 3, 35, 'rattata', 'https://raw.githubusercontent.com/PokeAPI/sprites/master/sprites/pokemon/19.png', 'https://raw.githubusercontent.com/PokeAPI/cries/main/cries/pokemon/latest/19.ogg');
INSERT INTO pokemon_ability (pokemon_id, ability_id) VALUES ('a15b4dcb-ef76-44f0-81ad-855580559846', 'dc594db6-ac1f-4ffd-b66e-33fe3a9c61f0');
INSERT INTO pokemon_ability (pokemon_id, ability_id) VALUES ('a15b4dcb-ef76-44f0-81ad-855580559846', '14f09f0d-42fa-47e2-8468-ff657dcc37d7');
INSERT INTO pokemon_ability (pokemon_id, ability_id) VALUES ('a15b4dcb-ef76-44f0-81ad-855580559846', '5f336b4f-9acb-4d6c-aac0-44f423c45ff1');
INSERT INTO pokemon_form (pokemon_id, form_id) VALUES ('a15b4dcb-ef76-44f0-81ad-855580559846', '2fd00569-a7f0-4628-a772-5d235fa22910');
INSERT INTO pokemon_held_item (pokemon_id, held_item_id) VALUES ('a15b4dcb-ef76-44f0-81ad-855580559846', '905edd74-0ee2-4cca-abdb-5dc9eb693b91');
INSERT INTO pokemon_move (pokemon_id, move_id) VALUES ('a15b4dcb-ef76-44f0-81ad-855580559846', '8e4532e2-402b-4c35-b3e2-b8df45f33558');
INSERT INTO pokemon_move (pokemon_id, move_id) VALUES ('a15b4dcb-ef76-44f0-81ad-855580559846', 'aea68489-64e1-4505-9fc3-ba736f40a73f');
INSERT INTO pokemon_move (pokemon_id, move_id) VALUES ('a15b4dcb-ef76-44f0-81ad-855580559846', 'a13b160c-b04c-4024-bc63-0e4e60ddc241');
INSERT INTO pokemon_move (pokemon_id, move_id) VALUES ('a15b4dcb-ef76-44f0-81ad-855580559846', 'cd9c0412-b0d0-470f-bda9-b344803b2323');
INSERT INTO pokemon_move (pokemon_id, move_id) VALUES ('a15b4dcb-ef76-44f0-81ad-855580559846', '3df4a465-c9e3-4da8-a582-50747f45c60e');
INSERT INTO pokemon_type (pokemon_id, type_id) VALUES ('a15b4dcb-ef76-44f0-81ad-855580559846', '66c0670b-2eee-41f6-a32d-e1e12a141bd8');
INSERT INTO pokemon (id, original_id, name, height, weight, species, image_url, cry_sound) VALUES ('8130b6df-9421-40a1-84a7-406fff09498b', '20' , 'raticate', 7, 185, 'raticate', 'https://raw.githubusercontent.com/PokeAPI/sprites/master/sprites/pokemon/20.png', 'https://raw.githubusercontent.com/PokeAPI/cries/main/cries/pokemon/latest/20.ogg');
INSERT INTO pokemon_ability (pokemon_id, ability_id) VALUES ('8130b6df-9421-40a1-84a7-406fff09498b', 'dc594db6-ac1f-4ffd-b66e-33fe3a9c61f0');
INSERT INTO pokemon_ability (pokemon_id, ability_id) VALUES ('8130b6df-9421-40a1-84a7-406fff09498b', '14f09f0d-42fa-47e2-8468-ff657dcc37d7');
INSERT INTO pokemon_ability (pokemon_id, ability_id) VALUES ('8130b6df-9421-40a1-84a7-406fff09498b', '5f336b4f-9acb-4d6c-aac0-44f423c45ff1');
INSERT INTO pokemon_form (pokemon_id, form_id) VALUES ('8130b6df-9421-40a1-84a7-406fff09498b', 'e8a5c5c9-a0a3-4b30-97c9-a0d5849e8169');
INSERT INTO pokemon_held_item (pokemon_id, held_item_id) VALUES ('8130b6df-9421-40a1-84a7-406fff09498b', 'cff907fb-6ebd-48e9-8a15-853ac0788123');
INSERT INTO pokemon_held_item (pokemon_id, held_item_id) VALUES ('8130b6df-9421-40a1-84a7-406fff09498b', '467cd37b-50be-419c-a416-a72c346ea212');
INSERT INTO pokemon_held_item (pokemon_id, held_item_id) VALUES ('8130b6df-9421-40a1-84a7-406fff09498b', '905edd74-0ee2-4cca-abdb-5dc9eb693b91');
INSERT INTO pokemon_move (pokemon_id, move_id) VALUES ('8130b6df-9421-40a1-84a7-406fff09498b', 'dd7c1592-f25c-4be0-b891-f718a79b3bc7');
INSERT INTO pokemon_move (pokemon_id, move_id) VALUES ('8130b6df-9421-40a1-84a7-406fff09498b', '8e4532e2-402b-4c35-b3e2-b8df45f33558');
INSERT INTO pokemon_move (pokemon_id, move_id) VALUES ('8130b6df-9421-40a1-84a7-406fff09498b', 'aea68489-64e1-4505-9fc3-ba736f40a73f');
INSERT INTO pokemon_move (pokemon_id, move_id) VALUES ('8130b6df-9421-40a1-84a7-406fff09498b', 'a13b160c-b04c-4024-bc63-0e4e60ddc241');
INSERT INTO pokemon_move (pokemon_id, move_id) VALUES ('8130b6df-9421-40a1-84a7-406fff09498b', 'cd9c0412-b0d0-470f-bda9-b344803b2323');
INSERT INTO pokemon_type (pokemon_id, type_id) VALUES ('8130b6df-9421-40a1-84a7-406fff09498b', '66c0670b-2eee-41f6-a32d-e1e12a141bd8');
INSERT INTO pokemon (id, original_id, name, height, weight, species, image_url, cry_sound) VALUES ('9464a25e-1216-4d4c-8f8b-6ec88b67da2b', '21' , 'spearow', 3, 20, 'spearow', 'https://raw.githubusercontent.com/PokeAPI/sprites/master/sprites/pokemon/21.png', 'https://raw.githubusercontent.com/PokeAPI/cries/main/cries/pokemon/latest/21.ogg');
INSERT INTO pokemon_ability (pokemon_id, ability_id) VALUES ('9464a25e-1216-4d4c-8f8b-6ec88b67da2b', '80b3e403-81dc-440d-9e82-8aa93a5d77ce');
INSERT INTO pokemon_ability (pokemon_id, ability_id) VALUES ('9464a25e-1216-4d4c-8f8b-6ec88b67da2b', 'a4003f6a-6a9d-4376-a63d-f75f44cd3877');
INSERT INTO pokemon_form (pokemon_id, form_id) VALUES ('9464a25e-1216-4d4c-8f8b-6ec88b67da2b', 'e9382df3-1483-49de-8c6f-066794309a16');
INSERT INTO pokemon_held_item (pokemon_id, held_item_id) VALUES ('9464a25e-1216-4d4c-8f8b-6ec88b67da2b', '6ae3f4a9-68d5-4593-b101-2a621f8b83f8');
INSERT INTO pokemon_move (pokemon_id, move_id) VALUES ('9464a25e-1216-4d4c-8f8b-6ec88b67da2b', '19233272-8c3b-4e96-a9ee-ee146e6a7b05');
INSERT INTO pokemon_move (pokemon_id, move_id) VALUES ('9464a25e-1216-4d4c-8f8b-6ec88b67da2b', 'c977bf4f-9f86-400a-996c-87fb62b40c68');
INSERT INTO pokemon_move (pokemon_id, move_id) VALUES ('9464a25e-1216-4d4c-8f8b-6ec88b67da2b', '4a26e96a-9241-408b-bc29-f918af316ee2');
INSERT INTO pokemon_move (pokemon_id, move_id) VALUES ('9464a25e-1216-4d4c-8f8b-6ec88b67da2b', '615d039e-a238-464e-abe3-72d7bc3683c7');
INSERT INTO pokemon_move (pokemon_id, move_id) VALUES ('9464a25e-1216-4d4c-8f8b-6ec88b67da2b', 'aea68489-64e1-4505-9fc3-ba736f40a73f');
INSERT INTO pokemon_type (pokemon_id, type_id) VALUES ('9464a25e-1216-4d4c-8f8b-6ec88b67da2b', '66c0670b-2eee-41f6-a32d-e1e12a141bd8');
INSERT INTO pokemon_type (pokemon_id, type_id) VALUES ('9464a25e-1216-4d4c-8f8b-6ec88b67da2b', 'f91b9dfe-9524-499a-809b-93728a1b12fd');
INSERT INTO pokemon (id, original_id, name, height, weight, species, image_url, cry_sound) VALUES ('542ddd0f-92b8-443c-98ee-6f57dde7fa48', '22' , 'fearow', 12, 380, 'fearow', 'https://raw.githubusercontent.com/PokeAPI/sprites/master/sprites/pokemon/22.png', 'https://raw.githubusercontent.com/PokeAPI/cries/main/cries/pokemon/latest/22.ogg');
INSERT INTO pokemon_ability (pokemon_id, ability_id) VALUES ('542ddd0f-92b8-443c-98ee-6f57dde7fa48', '80b3e403-81dc-440d-9e82-8aa93a5d77ce');
INSERT INTO pokemon_ability (pokemon_id, ability_id) VALUES ('542ddd0f-92b8-443c-98ee-6f57dde7fa48', 'a4003f6a-6a9d-4376-a63d-f75f44cd3877');
INSERT INTO pokemon_form (pokemon_id, form_id) VALUES ('542ddd0f-92b8-443c-98ee-6f57dde7fa48', '574b3adc-b287-4983-8cde-a6be57b0f81e');
INSERT INTO pokemon_held_item (pokemon_id, held_item_id) VALUES ('542ddd0f-92b8-443c-98ee-6f57dde7fa48', '6ae3f4a9-68d5-4593-b101-2a621f8b83f8');
INSERT INTO pokemon_move (pokemon_id, move_id) VALUES ('542ddd0f-92b8-443c-98ee-6f57dde7fa48', '19233272-8c3b-4e96-a9ee-ee146e6a7b05');
INSERT INTO pokemon_move (pokemon_id, move_id) VALUES ('542ddd0f-92b8-443c-98ee-6f57dde7fa48', 'c977bf4f-9f86-400a-996c-87fb62b40c68');
INSERT INTO pokemon_move (pokemon_id, move_id) VALUES ('542ddd0f-92b8-443c-98ee-6f57dde7fa48', '4a26e96a-9241-408b-bc29-f918af316ee2');
INSERT INTO pokemon_move (pokemon_id, move_id) VALUES ('542ddd0f-92b8-443c-98ee-6f57dde7fa48', '615d039e-a238-464e-abe3-72d7bc3683c7');
INSERT INTO pokemon_move (pokemon_id, move_id) VALUES ('542ddd0f-92b8-443c-98ee-6f57dde7fa48', 'aea68489-64e1-4505-9fc3-ba736f40a73f');
INSERT INTO pokemon_type (pokemon_id, type_id) VALUES ('542ddd0f-92b8-443c-98ee-6f57dde7fa48', '66c0670b-2eee-41f6-a32d-e1e12a141bd8');
INSERT INTO pokemon_type (pokemon_id, type_id) VALUES ('542ddd0f-92b8-443c-98ee-6f57dde7fa48', 'f91b9dfe-9524-499a-809b-93728a1b12fd');
INSERT INTO pokemon (id, original_id, name, height, weight, species, image_url, cry_sound) VALUES ('8f1f759d-0d7c-4afc-add4-394779f9ea93', '23' , 'ekans', 20, 69, 'ekans', 'https://raw.githubusercontent.com/PokeAPI/sprites/master/sprites/pokemon/23.png', 'https://raw.githubusercontent.com/PokeAPI/cries/main/cries/pokemon/latest/23.ogg');
INSERT INTO pokemon_ability (pokemon_id, ability_id) VALUES ('8f1f759d-0d7c-4afc-add4-394779f9ea93', '8d682dfd-3003-4e9a-9780-f8db8ab9c152');
INSERT INTO pokemon_ability (pokemon_id, ability_id) VALUES ('8f1f759d-0d7c-4afc-add4-394779f9ea93', 'a28b16ec-9672-42e3-b24e-67641c4f5ad9');
INSERT INTO pokemon_ability (pokemon_id, ability_id) VALUES ('8f1f759d-0d7c-4afc-add4-394779f9ea93', '6b23ac44-8753-4ef8-b787-f3bda00641eb');
INSERT INTO pokemon_form (pokemon_id, form_id) VALUES ('8f1f759d-0d7c-4afc-add4-394779f9ea93', '9c6ea4c8-e7f3-442d-9f20-5d59f426d3ab');
INSERT INTO pokemon_move (pokemon_id, move_id) VALUES ('8f1f759d-0d7c-4afc-add4-394779f9ea93', 'b786bd6c-4919-4c3a-9e2e-91e95be25d28');
INSERT INTO pokemon_move (pokemon_id, move_id) VALUES ('8f1f759d-0d7c-4afc-add4-394779f9ea93', '8c2aeeb2-d701-462d-8186-18e22c76ed80');
INSERT INTO pokemon_move (pokemon_id, move_id) VALUES ('8f1f759d-0d7c-4afc-add4-394779f9ea93', 'aea68489-64e1-4505-9fc3-ba736f40a73f');
INSERT INTO pokemon_move (pokemon_id, move_id) VALUES ('8f1f759d-0d7c-4afc-add4-394779f9ea93', 'cd9c0412-b0d0-470f-bda9-b344803b2323');
INSERT INTO pokemon_move (pokemon_id, move_id) VALUES ('8f1f759d-0d7c-4afc-add4-394779f9ea93', 'b17c89ad-9ba0-424c-bf03-cfc2be11528c');
INSERT INTO pokemon_type (pokemon_id, type_id) VALUES ('8f1f759d-0d7c-4afc-add4-394779f9ea93', '3246137a-3c1a-4c22-a4d2-07d260a3c939');
INSERT INTO pokemon (id, original_id, name, height, weight, species, image_url, cry_sound) VALUES ('cd884fb8-3713-4596-b111-7d25e699f46a', '24' , 'arbok', 35, 650, 'arbok', 'https://raw.githubusercontent.com/PokeAPI/sprites/master/sprites/pokemon/24.png', 'https://raw.githubusercontent.com/PokeAPI/cries/main/cries/pokemon/latest/24.ogg');
INSERT INTO pokemon_ability (pokemon_id, ability_id) VALUES ('cd884fb8-3713-4596-b111-7d25e699f46a', '8d682dfd-3003-4e9a-9780-f8db8ab9c152');
INSERT INTO pokemon_ability (pokemon_id, ability_id) VALUES ('cd884fb8-3713-4596-b111-7d25e699f46a', 'a28b16ec-9672-42e3-b24e-67641c4f5ad9');
INSERT INTO pokemon_ability (pokemon_id, ability_id) VALUES ('cd884fb8-3713-4596-b111-7d25e699f46a', '6b23ac44-8753-4ef8-b787-f3bda00641eb');
INSERT INTO pokemon_form (pokemon_id, form_id) VALUES ('cd884fb8-3713-4596-b111-7d25e699f46a', '7b4b19a0-4c4d-4894-9889-74f4622e01af');
INSERT INTO pokemon_held_item (pokemon_id, held_item_id) VALUES ('cd884fb8-3713-4596-b111-7d25e699f46a', 'ba467a86-ac3f-4e9a-b554-51869c0ab52d');
INSERT INTO pokemon_move (pokemon_id, move_id) VALUES ('cd884fb8-3713-4596-b111-7d25e699f46a', 'b786bd6c-4919-4c3a-9e2e-91e95be25d28');
INSERT INTO pokemon_move (pokemon_id, move_id) VALUES ('cd884fb8-3713-4596-b111-7d25e699f46a', '8c2aeeb2-d701-462d-8186-18e22c76ed80');
INSERT INTO pokemon_move (pokemon_id, move_id) VALUES ('cd884fb8-3713-4596-b111-7d25e699f46a', 'aea68489-64e1-4505-9fc3-ba736f40a73f');
INSERT INTO pokemon_move (pokemon_id, move_id) VALUES ('cd884fb8-3713-4596-b111-7d25e699f46a', 'cd9c0412-b0d0-470f-bda9-b344803b2323');
INSERT INTO pokemon_move (pokemon_id, move_id) VALUES ('cd884fb8-3713-4596-b111-7d25e699f46a', 'b17c89ad-9ba0-424c-bf03-cfc2be11528c');
INSERT INTO pokemon_type (pokemon_id, type_id) VALUES ('cd884fb8-3713-4596-b111-7d25e699f46a', '3246137a-3c1a-4c22-a4d2-07d260a3c939');
INSERT INTO pokemon (id, original_id, name, height, weight, species, image_url, cry_sound) VALUES ('4498cb5f-8038-4962-843d-e333cf4b4739', '25' , 'pikachu', 4, 60, 'pikachu', 'https://raw.githubusercontent.com/PokeAPI/sprites/master/sprites/pokemon/25.png', 'https://raw.githubusercontent.com/PokeAPI/cries/main/cries/pokemon/latest/25.ogg');
INSERT INTO pokemon_ability (pokemon_id, ability_id) VALUES ('4498cb5f-8038-4962-843d-e333cf4b4739', 'e7a3ca67-2355-40ed-abd4-cec0c9f9a9f7');
INSERT INTO pokemon_ability (pokemon_id, ability_id) VALUES ('4498cb5f-8038-4962-843d-e333cf4b4739', 'abeb75fb-3edb-4253-9fe0-a321734cd79e');
INSERT INTO pokemon_form (pokemon_id, form_id) VALUES ('4498cb5f-8038-4962-843d-e333cf4b4739', 'bbd4125a-8fe4-44e1-a0a7-54f649a8b9e5');
INSERT INTO pokemon_held_item (pokemon_id, held_item_id) VALUES ('4498cb5f-8038-4962-843d-e333cf4b4739', 'cff907fb-6ebd-48e9-8a15-853ac0788123');
INSERT INTO pokemon_held_item (pokemon_id, held_item_id) VALUES ('4498cb5f-8038-4962-843d-e333cf4b4739', '5ed23b47-872a-49e9-a268-b490e1effeda');
INSERT INTO pokemon_move (pokemon_id, move_id) VALUES ('4498cb5f-8038-4962-843d-e333cf4b4739', '8f2e0a15-7a9d-4afb-8eea-16750e9484ed');
INSERT INTO pokemon_move (pokemon_id, move_id) VALUES ('4498cb5f-8038-4962-843d-e333cf4b4739', '095cd81e-83b2-465c-baa0-65a6265d8ad0');
INSERT INTO pokemon_move (pokemon_id, move_id) VALUES ('4498cb5f-8038-4962-843d-e333cf4b4739', '8408b44b-a75a-489b-b509-1be599ff37b2');
INSERT INTO pokemon_move (pokemon_id, move_id) VALUES ('4498cb5f-8038-4962-843d-e333cf4b4739', '8c2aeeb2-d701-462d-8186-18e22c76ed80');
INSERT INTO pokemon_move (pokemon_id, move_id) VALUES ('4498cb5f-8038-4962-843d-e333cf4b4739', '5e08941c-7c0f-4948-84c0-93429d7fd1b2');
INSERT INTO pokemon_type (pokemon_id, type_id) VALUES ('4498cb5f-8038-4962-843d-e333cf4b4739', 'e81f6163-ff14-4eed-a642-3d3da39475da');
INSERT INTO pokemon (id, original_id, name, height, weight, species, image_url, cry_sound) VALUES ('94face7d-6b5d-4862-bc74-a11bd32acdf6', '26' , 'raichu', 8, 300, 'raichu', 'https://raw.githubusercontent.com/PokeAPI/sprites/master/sprites/pokemon/26.png', 'https://raw.githubusercontent.com/PokeAPI/cries/main/cries/pokemon/latest/26.ogg');
INSERT INTO pokemon_ability (pokemon_id, ability_id) VALUES ('94face7d-6b5d-4862-bc74-a11bd32acdf6', 'e7a3ca67-2355-40ed-abd4-cec0c9f9a9f7');
INSERT INTO pokemon_ability (pokemon_id, ability_id) VALUES ('94face7d-6b5d-4862-bc74-a11bd32acdf6', 'abeb75fb-3edb-4253-9fe0-a321734cd79e');
INSERT INTO pokemon_form (pokemon_id, form_id) VALUES ('94face7d-6b5d-4862-bc74-a11bd32acdf6', '9afd4729-0c16-4a37-895c-f0600a655d2c');
INSERT INTO pokemon_held_item (pokemon_id, held_item_id) VALUES ('94face7d-6b5d-4862-bc74-a11bd32acdf6', 'cff907fb-6ebd-48e9-8a15-853ac0788123');
INSERT INTO pokemon_move (pokemon_id, move_id) VALUES ('94face7d-6b5d-4862-bc74-a11bd32acdf6', '8f2e0a15-7a9d-4afb-8eea-16750e9484ed');
INSERT INTO pokemon_move (pokemon_id, move_id) VALUES ('94face7d-6b5d-4862-bc74-a11bd32acdf6', '095cd81e-83b2-465c-baa0-65a6265d8ad0');
INSERT INTO pokemon_move (pokemon_id, move_id) VALUES ('94face7d-6b5d-4862-bc74-a11bd32acdf6', '8408b44b-a75a-489b-b509-1be599ff37b2');
INSERT INTO pokemon_move (pokemon_id, move_id) VALUES ('94face7d-6b5d-4862-bc74-a11bd32acdf6', '8c2aeeb2-d701-462d-8186-18e22c76ed80');
INSERT INTO pokemon_move (pokemon_id, move_id) VALUES ('94face7d-6b5d-4862-bc74-a11bd32acdf6', '6b613c64-594e-4df6-a894-86b8e324482c');
INSERT INTO pokemon_type (pokemon_id, type_id) VALUES ('94face7d-6b5d-4862-bc74-a11bd32acdf6', 'e81f6163-ff14-4eed-a642-3d3da39475da');
INSERT INTO pokemon (id, original_id, name, height, weight, species, image_url, cry_sound) VALUES ('53b4efe6-dd3b-4e4d-a504-bd1ac64352a3', '27' , 'sandshrew', 6, 120, 'sandshrew', 'https://raw.githubusercontent.com/PokeAPI/sprites/master/sprites/pokemon/27.png', 'https://raw.githubusercontent.com/PokeAPI/cries/main/cries/pokemon/latest/27.ogg');
INSERT INTO pokemon_ability (pokemon_id, ability_id) VALUES ('53b4efe6-dd3b-4e4d-a504-bd1ac64352a3', 'eea50d29-4d42-4f32-9bb0-b2d6b2475f10');
INSERT INTO pokemon_ability (pokemon_id, ability_id) VALUES ('53b4efe6-dd3b-4e4d-a504-bd1ac64352a3', '896ad408-b5d6-4f73-9587-a0dbc93d3478');
INSERT INTO pokemon_form (pokemon_id, form_id) VALUES ('53b4efe6-dd3b-4e4d-a504-bd1ac64352a3', '99823a45-1919-424a-987a-bcc38a2de116');
INSERT INTO pokemon_held_item (pokemon_id, held_item_id) VALUES ('53b4efe6-dd3b-4e4d-a504-bd1ac64352a3', '5a6b1729-37a4-4e2c-af5f-57699f5d6a90');
INSERT INTO pokemon_held_item (pokemon_id, held_item_id) VALUES ('53b4efe6-dd3b-4e4d-a504-bd1ac64352a3', '1f89ae8e-17e7-4f46-8026-a53c4fd30421');
INSERT INTO pokemon_move (pokemon_id, move_id) VALUES ('53b4efe6-dd3b-4e4d-a504-bd1ac64352a3', '9ea828b7-9450-46a7-892f-343f5c97817b');
INSERT INTO pokemon_move (pokemon_id, move_id) VALUES ('53b4efe6-dd3b-4e4d-a504-bd1ac64352a3', 'dd7c1592-f25c-4be0-b891-f718a79b3bc7');
INSERT INTO pokemon_move (pokemon_id, move_id) VALUES ('53b4efe6-dd3b-4e4d-a504-bd1ac64352a3', '8e4532e2-402b-4c35-b3e2-b8df45f33558');
INSERT INTO pokemon_move (pokemon_id, move_id) VALUES ('53b4efe6-dd3b-4e4d-a504-bd1ac64352a3', 'cae07402-937e-4e7b-b4bc-85391001dc6b');
INSERT INTO pokemon_move (pokemon_id, move_id) VALUES ('53b4efe6-dd3b-4e4d-a504-bd1ac64352a3', 'aea68489-64e1-4505-9fc3-ba736f40a73f');
INSERT INTO pokemon_type (pokemon_id, type_id) VALUES ('53b4efe6-dd3b-4e4d-a504-bd1ac64352a3', 'dec69f37-9b5f-4f98-95de-f55015eec5c4');
INSERT INTO pokemon (id, original_id, name, height, weight, species, image_url, cry_sound) VALUES ('207a3397-2631-4928-a232-5dce397c7ca3', '28' , 'sandslash', 10, 295, 'sandslash', 'https://raw.githubusercontent.com/PokeAPI/sprites/master/sprites/pokemon/28.png', 'https://raw.githubusercontent.com/PokeAPI/cries/main/cries/pokemon/latest/28.ogg');
INSERT INTO pokemon_ability (pokemon_id, ability_id) VALUES ('207a3397-2631-4928-a232-5dce397c7ca3', 'eea50d29-4d42-4f32-9bb0-b2d6b2475f10');
INSERT INTO pokemon_ability (pokemon_id, ability_id) VALUES ('207a3397-2631-4928-a232-5dce397c7ca3', '896ad408-b5d6-4f73-9587-a0dbc93d3478');
INSERT INTO pokemon_form (pokemon_id, form_id) VALUES ('207a3397-2631-4928-a232-5dce397c7ca3', '77eebc21-5132-466c-a018-4d793c8e391a');
INSERT INTO pokemon_held_item (pokemon_id, held_item_id) VALUES ('207a3397-2631-4928-a232-5dce397c7ca3', '5a6b1729-37a4-4e2c-af5f-57699f5d6a90');
INSERT INTO pokemon_held_item (pokemon_id, held_item_id) VALUES ('207a3397-2631-4928-a232-5dce397c7ca3', 'd2b995e0-164d-4675-a698-b1de9ca1fd54');
INSERT INTO pokemon_held_item (pokemon_id, held_item_id) VALUES ('207a3397-2631-4928-a232-5dce397c7ca3', '1f89ae8e-17e7-4f46-8026-a53c4fd30421');
INSERT INTO pokemon_move (pokemon_id, move_id) VALUES ('207a3397-2631-4928-a232-5dce397c7ca3', '9ea828b7-9450-46a7-892f-343f5c97817b');
INSERT INTO pokemon_move (pokemon_id, move_id) VALUES ('207a3397-2631-4928-a232-5dce397c7ca3', 'dd7c1592-f25c-4be0-b891-f718a79b3bc7');
INSERT INTO pokemon_move (pokemon_id, move_id) VALUES ('207a3397-2631-4928-a232-5dce397c7ca3', '8e4532e2-402b-4c35-b3e2-b8df45f33558');
INSERT INTO pokemon_move (pokemon_id, move_id) VALUES ('207a3397-2631-4928-a232-5dce397c7ca3', 'cae07402-937e-4e7b-b4bc-85391001dc6b');
INSERT INTO pokemon_move (pokemon_id, move_id) VALUES ('207a3397-2631-4928-a232-5dce397c7ca3', 'aea68489-64e1-4505-9fc3-ba736f40a73f');
INSERT INTO pokemon_type (pokemon_id, type_id) VALUES ('207a3397-2631-4928-a232-5dce397c7ca3', 'dec69f37-9b5f-4f98-95de-f55015eec5c4');
INSERT INTO pokemon (id, original_id, name, height, weight, species, image_url, cry_sound) VALUES ('15151a6f-8b06-461f-bd45-34b883710d6e', '29' , 'nidoran-f', 4, 70, 'nidoran-f', 'https://raw.githubusercontent.com/PokeAPI/sprites/master/sprites/pokemon/29.png', 'https://raw.githubusercontent.com/PokeAPI/cries/main/cries/pokemon/latest/29.ogg');
INSERT INTO pokemon_ability (pokemon_id, ability_id) VALUES ('15151a6f-8b06-461f-bd45-34b883710d6e', '77f56f00-1aec-448f-8e4d-cc21bb65e3fd');
INSERT INTO pokemon_ability (pokemon_id, ability_id) VALUES ('15151a6f-8b06-461f-bd45-34b883710d6e', '8c90f157-ed4a-4028-92f1-7c4d4e3697b0');
INSERT INTO pokemon_ability (pokemon_id, ability_id) VALUES ('15151a6f-8b06-461f-bd45-34b883710d6e', '5f336b4f-9acb-4d6c-aac0-44f423c45ff1');
INSERT INTO pokemon_form (pokemon_id, form_id) VALUES ('15151a6f-8b06-461f-bd45-34b883710d6e', 'dbad6d30-3277-435b-ae8f-f1c524c2f14f');
INSERT INTO pokemon_move (pokemon_id, move_id) VALUES ('15151a6f-8b06-461f-bd45-34b883710d6e', '9ea828b7-9450-46a7-892f-343f5c97817b');
INSERT INTO pokemon_move (pokemon_id, move_id) VALUES ('15151a6f-8b06-461f-bd45-34b883710d6e', '8e4532e2-402b-4c35-b3e2-b8df45f33558');
INSERT INTO pokemon_move (pokemon_id, move_id) VALUES ('15151a6f-8b06-461f-bd45-34b883710d6e', '5e08941c-7c0f-4948-84c0-93429d7fd1b2');
INSERT INTO pokemon_move (pokemon_id, move_id) VALUES ('15151a6f-8b06-461f-bd45-34b883710d6e', 'aea68489-64e1-4505-9fc3-ba736f40a73f');
INSERT INTO pokemon_move (pokemon_id, move_id) VALUES ('15151a6f-8b06-461f-bd45-34b883710d6e', 'a13b160c-b04c-4024-bc63-0e4e60ddc241');
INSERT INTO pokemon_type (pokemon_id, type_id) VALUES ('15151a6f-8b06-461f-bd45-34b883710d6e', '3246137a-3c1a-4c22-a4d2-07d260a3c939');
INSERT INTO pokemon (id, original_id, name, height, weight, species, image_url, cry_sound) VALUES ('96c04bfa-3faf-487a-9dde-b795ba165fb4', '30' , 'nidorina', 8, 200, 'nidorina', 'https://raw.githubusercontent.com/PokeAPI/sprites/master/sprites/pokemon/30.png', 'https://raw.githubusercontent.com/PokeAPI/cries/main/cries/pokemon/latest/30.ogg');
INSERT INTO pokemon_ability (pokemon_id, ability_id) VALUES ('96c04bfa-3faf-487a-9dde-b795ba165fb4', '77f56f00-1aec-448f-8e4d-cc21bb65e3fd');
INSERT INTO pokemon_ability (pokemon_id, ability_id) VALUES ('96c04bfa-3faf-487a-9dde-b795ba165fb4', '8c90f157-ed4a-4028-92f1-7c4d4e3697b0');
INSERT INTO pokemon_ability (pokemon_id, ability_id) VALUES ('96c04bfa-3faf-487a-9dde-b795ba165fb4', '5f336b4f-9acb-4d6c-aac0-44f423c45ff1');
INSERT INTO pokemon_form (pokemon_id, form_id) VALUES ('96c04bfa-3faf-487a-9dde-b795ba165fb4', 'aff6618a-ef65-42e3-8403-aef8ced8b5d6');
INSERT INTO pokemon_move (pokemon_id, move_id) VALUES ('96c04bfa-3faf-487a-9dde-b795ba165fb4', '9ea828b7-9450-46a7-892f-343f5c97817b');
INSERT INTO pokemon_move (pokemon_id, move_id) VALUES ('96c04bfa-3faf-487a-9dde-b795ba165fb4', '8e4532e2-402b-4c35-b3e2-b8df45f33558');
INSERT INTO pokemon_move (pokemon_id, move_id) VALUES ('96c04bfa-3faf-487a-9dde-b795ba165fb4', '5e08941c-7c0f-4948-84c0-93429d7fd1b2');
INSERT INTO pokemon_move (pokemon_id, move_id) VALUES ('96c04bfa-3faf-487a-9dde-b795ba165fb4', 'aea68489-64e1-4505-9fc3-ba736f40a73f');
INSERT INTO pokemon_move (pokemon_id, move_id) VALUES ('96c04bfa-3faf-487a-9dde-b795ba165fb4', '2cebd6cf-66e3-4e0f-9f34-3d48616dd1c3');
INSERT INTO pokemon_type (pokemon_id, type_id) VALUES ('96c04bfa-3faf-487a-9dde-b795ba165fb4', '3246137a-3c1a-4c22-a4d2-07d260a3c939');
INSERT INTO pokemon (id, original_id, name, height, weight, species, image_url, cry_sound) VALUES ('a1f4902a-8387-4e3c-879a-d2af81c53798', '31' , 'nidoqueen', 13, 600, 'nidoqueen', 'https://raw.githubusercontent.com/PokeAPI/sprites/master/sprites/pokemon/31.png', 'https://raw.githubusercontent.com/PokeAPI/cries/main/cries/pokemon/latest/31.ogg');
INSERT INTO pokemon_ability (pokemon_id, ability_id) VALUES ('a1f4902a-8387-4e3c-879a-d2af81c53798', '77f56f00-1aec-448f-8e4d-cc21bb65e3fd');
INSERT INTO pokemon_ability (pokemon_id, ability_id) VALUES ('a1f4902a-8387-4e3c-879a-d2af81c53798', '8c90f157-ed4a-4028-92f1-7c4d4e3697b0');
INSERT INTO pokemon_ability (pokemon_id, ability_id) VALUES ('a1f4902a-8387-4e3c-879a-d2af81c53798', '2587299b-673b-457e-ac74-72f9d6a09e7d');
INSERT INTO pokemon_form (pokemon_id, form_id) VALUES ('a1f4902a-8387-4e3c-879a-d2af81c53798', 'f1b8df93-b153-40e8-8735-9686d5aa4e80');
INSERT INTO pokemon_move (pokemon_id, move_id) VALUES ('a1f4902a-8387-4e3c-879a-d2af81c53798', '8f2e0a15-7a9d-4afb-8eea-16750e9484ed');
INSERT INTO pokemon_move (pokemon_id, move_id) VALUES ('a1f4902a-8387-4e3c-879a-d2af81c53798', '095cd81e-83b2-465c-baa0-65a6265d8ad0');
INSERT INTO pokemon_move (pokemon_id, move_id) VALUES ('a1f4902a-8387-4e3c-879a-d2af81c53798', '0614a7ba-df34-4fea-8467-0b6eece4fb9f');
INSERT INTO pokemon_move (pokemon_id, move_id) VALUES ('a1f4902a-8387-4e3c-879a-d2af81c53798', 'ba84d053-7a99-4da5-828b-e4ea229e08d3');
INSERT INTO pokemon_move (pokemon_id, move_id) VALUES ('a1f4902a-8387-4e3c-879a-d2af81c53798', '8408b44b-a75a-489b-b509-1be599ff37b2');
INSERT INTO pokemon_type (pokemon_id, type_id) VALUES ('a1f4902a-8387-4e3c-879a-d2af81c53798', '3246137a-3c1a-4c22-a4d2-07d260a3c939');
INSERT INTO pokemon_type (pokemon_id, type_id) VALUES ('a1f4902a-8387-4e3c-879a-d2af81c53798', 'dec69f37-9b5f-4f98-95de-f55015eec5c4');
INSERT INTO pokemon (id, original_id, name, height, weight, species, image_url, cry_sound) VALUES ('27738540-eff8-449e-a1f9-1d169f6257e2', '32' , 'nidoran-m', 5, 90, 'nidoran-m', 'https://raw.githubusercontent.com/PokeAPI/sprites/master/sprites/pokemon/32.png', 'https://raw.githubusercontent.com/PokeAPI/cries/main/cries/pokemon/latest/32.ogg');
INSERT INTO pokemon_ability (pokemon_id, ability_id) VALUES ('27738540-eff8-449e-a1f9-1d169f6257e2', '77f56f00-1aec-448f-8e4d-cc21bb65e3fd');
INSERT INTO pokemon_ability (pokemon_id, ability_id) VALUES ('27738540-eff8-449e-a1f9-1d169f6257e2', '8c90f157-ed4a-4028-92f1-7c4d4e3697b0');
INSERT INTO pokemon_ability (pokemon_id, ability_id) VALUES ('27738540-eff8-449e-a1f9-1d169f6257e2', '5f336b4f-9acb-4d6c-aac0-44f423c45ff1');
INSERT INTO pokemon_form (pokemon_id, form_id) VALUES ('27738540-eff8-449e-a1f9-1d169f6257e2', '0195827d-1460-4e7a-8933-75abf509c5b7');
INSERT INTO pokemon_move (pokemon_id, move_id) VALUES ('27738540-eff8-449e-a1f9-1d169f6257e2', '8e4532e2-402b-4c35-b3e2-b8df45f33558');
INSERT INTO pokemon_move (pokemon_id, move_id) VALUES ('27738540-eff8-449e-a1f9-1d169f6257e2', '5e08941c-7c0f-4948-84c0-93429d7fd1b2');
INSERT INTO pokemon_move (pokemon_id, move_id) VALUES ('27738540-eff8-449e-a1f9-1d169f6257e2', 'aea68489-64e1-4505-9fc3-ba736f40a73f');
INSERT INTO pokemon_move (pokemon_id, move_id) VALUES ('27738540-eff8-449e-a1f9-1d169f6257e2', '072839db-8a03-4f30-a171-03cc725a1b9f');
INSERT INTO pokemon_move (pokemon_id, move_id) VALUES ('27738540-eff8-449e-a1f9-1d169f6257e2', '9241e827-f3af-491c-bb52-aee4e9229b16');
INSERT INTO pokemon_type (pokemon_id, type_id) VALUES ('27738540-eff8-449e-a1f9-1d169f6257e2', '3246137a-3c1a-4c22-a4d2-07d260a3c939');
INSERT INTO pokemon (id, original_id, name, height, weight, species, image_url, cry_sound) VALUES ('6fc6707d-be56-40c7-9843-cebff0fb4970', '33' , 'nidorino', 9, 195, 'nidorino', 'https://raw.githubusercontent.com/PokeAPI/sprites/master/sprites/pokemon/33.png', 'https://raw.githubusercontent.com/PokeAPI/cries/main/cries/pokemon/latest/33.ogg');
INSERT INTO pokemon_ability (pokemon_id, ability_id) VALUES ('6fc6707d-be56-40c7-9843-cebff0fb4970', '77f56f00-1aec-448f-8e4d-cc21bb65e3fd');
INSERT INTO pokemon_ability (pokemon_id, ability_id) VALUES ('6fc6707d-be56-40c7-9843-cebff0fb4970', '8c90f157-ed4a-4028-92f1-7c4d4e3697b0');
INSERT INTO pokemon_ability (pokemon_id, ability_id) VALUES ('6fc6707d-be56-40c7-9843-cebff0fb4970', '5f336b4f-9acb-4d6c-aac0-44f423c45ff1');
INSERT INTO pokemon_form (pokemon_id, form_id) VALUES ('6fc6707d-be56-40c7-9843-cebff0fb4970', 'e02d92a7-957f-495d-bcba-410a6dd28b2d');
INSERT INTO pokemon_move (pokemon_id, move_id) VALUES ('6fc6707d-be56-40c7-9843-cebff0fb4970', '8e4532e2-402b-4c35-b3e2-b8df45f33558');
INSERT INTO pokemon_move (pokemon_id, move_id) VALUES ('6fc6707d-be56-40c7-9843-cebff0fb4970', '5e08941c-7c0f-4948-84c0-93429d7fd1b2');
INSERT INTO pokemon_move (pokemon_id, move_id) VALUES ('6fc6707d-be56-40c7-9843-cebff0fb4970', 'aea68489-64e1-4505-9fc3-ba736f40a73f');
INSERT INTO pokemon_move (pokemon_id, move_id) VALUES ('6fc6707d-be56-40c7-9843-cebff0fb4970', '072839db-8a03-4f30-a171-03cc725a1b9f');
INSERT INTO pokemon_move (pokemon_id, move_id) VALUES ('6fc6707d-be56-40c7-9843-cebff0fb4970', '9241e827-f3af-491c-bb52-aee4e9229b16');
INSERT INTO pokemon_type (pokemon_id, type_id) VALUES ('6fc6707d-be56-40c7-9843-cebff0fb4970', '3246137a-3c1a-4c22-a4d2-07d260a3c939');
INSERT INTO pokemon (id, original_id, name, height, weight, species, image_url, cry_sound) VALUES ('813e1bf3-3b1f-45c0-b4cb-4ad6f718bb62', '34' , 'nidoking', 14, 620, 'nidoking', 'https://raw.githubusercontent.com/PokeAPI/sprites/master/sprites/pokemon/34.png', 'https://raw.githubusercontent.com/PokeAPI/cries/main/cries/pokemon/latest/34.ogg');
INSERT INTO pokemon_ability (pokemon_id, ability_id) VALUES ('813e1bf3-3b1f-45c0-b4cb-4ad6f718bb62', '77f56f00-1aec-448f-8e4d-cc21bb65e3fd');
INSERT INTO pokemon_ability (pokemon_id, ability_id) VALUES ('813e1bf3-3b1f-45c0-b4cb-4ad6f718bb62', '8c90f157-ed4a-4028-92f1-7c4d4e3697b0');
INSERT INTO pokemon_ability (pokemon_id, ability_id) VALUES ('813e1bf3-3b1f-45c0-b4cb-4ad6f718bb62', '2587299b-673b-457e-ac74-72f9d6a09e7d');
INSERT INTO pokemon_form (pokemon_id, form_id) VALUES ('813e1bf3-3b1f-45c0-b4cb-4ad6f718bb62', '8c5c82b5-9887-4c09-94c7-7c38a88ee0ab');
INSERT INTO pokemon_move (pokemon_id, move_id) VALUES ('813e1bf3-3b1f-45c0-b4cb-4ad6f718bb62', '8f2e0a15-7a9d-4afb-8eea-16750e9484ed');
INSERT INTO pokemon_move (pokemon_id, move_id) VALUES ('813e1bf3-3b1f-45c0-b4cb-4ad6f718bb62', '095cd81e-83b2-465c-baa0-65a6265d8ad0');
INSERT INTO pokemon_move (pokemon_id, move_id) VALUES ('813e1bf3-3b1f-45c0-b4cb-4ad6f718bb62', '0614a7ba-df34-4fea-8467-0b6eece4fb9f');
INSERT INTO pokemon_move (pokemon_id, move_id) VALUES ('813e1bf3-3b1f-45c0-b4cb-4ad6f718bb62', 'ba84d053-7a99-4da5-828b-e4ea229e08d3');
INSERT INTO pokemon_move (pokemon_id, move_id) VALUES ('813e1bf3-3b1f-45c0-b4cb-4ad6f718bb62', '8408b44b-a75a-489b-b509-1be599ff37b2');
INSERT INTO pokemon_type (pokemon_id, type_id) VALUES ('813e1bf3-3b1f-45c0-b4cb-4ad6f718bb62', '3246137a-3c1a-4c22-a4d2-07d260a3c939');
INSERT INTO pokemon_type (pokemon_id, type_id) VALUES ('813e1bf3-3b1f-45c0-b4cb-4ad6f718bb62', 'dec69f37-9b5f-4f98-95de-f55015eec5c4');
INSERT INTO pokemon (id, original_id, name, height, weight, species, image_url, cry_sound) VALUES ('78746792-5f6c-499a-9c20-ace954c63c54', '35' , 'clefairy', 6, 75, 'clefairy', 'https://raw.githubusercontent.com/PokeAPI/sprites/master/sprites/pokemon/35.png', 'https://raw.githubusercontent.com/PokeAPI/cries/main/cries/pokemon/latest/35.ogg');
INSERT INTO pokemon_ability (pokemon_id, ability_id) VALUES ('78746792-5f6c-499a-9c20-ace954c63c54', '87b89963-a433-427c-ae8b-604cbb6da43b');
INSERT INTO pokemon_ability (pokemon_id, ability_id) VALUES ('78746792-5f6c-499a-9c20-ace954c63c54', 'dfdc9310-d2b6-4ed4-a4d5-c590fc51a5e6');
INSERT INTO pokemon_ability (pokemon_id, ability_id) VALUES ('78746792-5f6c-499a-9c20-ace954c63c54', '042429a9-ec32-4274-8ed3-f5a01cc57f01');
INSERT INTO pokemon_form (pokemon_id, form_id) VALUES ('78746792-5f6c-499a-9c20-ace954c63c54', 'ad7e0ab1-15e9-4f97-9471-118b3fca98f3');
INSERT INTO pokemon_held_item (pokemon_id, held_item_id) VALUES ('78746792-5f6c-499a-9c20-ace954c63c54', 'f9fd5aa1-2a05-46c9-bef7-a03791d8e581');
INSERT INTO pokemon_held_item (pokemon_id, held_item_id) VALUES ('78746792-5f6c-499a-9c20-ace954c63c54', '4c67de11-ee6d-499f-8844-07932288e4d4');
INSERT INTO pokemon_held_item (pokemon_id, held_item_id) VALUES ('78746792-5f6c-499a-9c20-ace954c63c54', 'c656876b-0435-4245-9bc9-654ce37c51db');
INSERT INTO pokemon_move (pokemon_id, move_id) VALUES ('78746792-5f6c-499a-9c20-ace954c63c54', '1c8cdd5c-2d2b-4371-9ca7-aaed87b0df01');
INSERT INTO pokemon_move (pokemon_id, move_id) VALUES ('78746792-5f6c-499a-9c20-ace954c63c54', '176d768d-7153-4a34-9032-8a0b314c2bef');
INSERT INTO pokemon_move (pokemon_id, move_id) VALUES ('78746792-5f6c-499a-9c20-ace954c63c54', '8f2e0a15-7a9d-4afb-8eea-16750e9484ed');
INSERT INTO pokemon_move (pokemon_id, move_id) VALUES ('78746792-5f6c-499a-9c20-ace954c63c54', '0614a7ba-df34-4fea-8467-0b6eece4fb9f');
INSERT INTO pokemon_move (pokemon_id, move_id) VALUES ('78746792-5f6c-499a-9c20-ace954c63c54', 'ba84d053-7a99-4da5-828b-e4ea229e08d3');
INSERT INTO pokemon_type (pokemon_id, type_id) VALUES ('78746792-5f6c-499a-9c20-ace954c63c54', 'dd7988d2-71a8-4b9c-ac9d-da02c3f7a9d4');
INSERT INTO pokemon (id, original_id, name, height, weight, species, image_url, cry_sound) VALUES ('242daec7-8092-4899-b8e9-0c094d35b488', '36' , 'clefable', 13, 400, 'clefable', 'https://raw.githubusercontent.com/PokeAPI/sprites/master/sprites/pokemon/36.png', 'https://raw.githubusercontent.com/PokeAPI/cries/main/cries/pokemon/latest/36.ogg');
INSERT INTO pokemon_ability (pokemon_id, ability_id) VALUES ('242daec7-8092-4899-b8e9-0c094d35b488', '87b89963-a433-427c-ae8b-604cbb6da43b');
INSERT INTO pokemon_ability (pokemon_id, ability_id) VALUES ('242daec7-8092-4899-b8e9-0c094d35b488', 'dfdc9310-d2b6-4ed4-a4d5-c590fc51a5e6');
INSERT INTO pokemon_ability (pokemon_id, ability_id) VALUES ('242daec7-8092-4899-b8e9-0c094d35b488', '6f250daa-b87a-48ee-b4f7-4d934a7a1583');
INSERT INTO pokemon_form (pokemon_id, form_id) VALUES ('242daec7-8092-4899-b8e9-0c094d35b488', '708d944b-94d2-409b-abd2-f90c4e2b0524');
INSERT INTO pokemon_held_item (pokemon_id, held_item_id) VALUES ('242daec7-8092-4899-b8e9-0c094d35b488', 'f9fd5aa1-2a05-46c9-bef7-a03791d8e581');
INSERT INTO pokemon_held_item (pokemon_id, held_item_id) VALUES ('242daec7-8092-4899-b8e9-0c094d35b488', '4c67de11-ee6d-499f-8844-07932288e4d4');
INSERT INTO pokemon_held_item (pokemon_id, held_item_id) VALUES ('242daec7-8092-4899-b8e9-0c094d35b488', 'c656876b-0435-4245-9bc9-654ce37c51db');
INSERT INTO pokemon_move (pokemon_id, move_id) VALUES ('242daec7-8092-4899-b8e9-0c094d35b488', '1c8cdd5c-2d2b-4371-9ca7-aaed87b0df01');
INSERT INTO pokemon_move (pokemon_id, move_id) VALUES ('242daec7-8092-4899-b8e9-0c094d35b488', '176d768d-7153-4a34-9032-8a0b314c2bef');
INSERT INTO pokemon_move (pokemon_id, move_id) VALUES ('242daec7-8092-4899-b8e9-0c094d35b488', '8f2e0a15-7a9d-4afb-8eea-16750e9484ed');
INSERT INTO pokemon_move (pokemon_id, move_id) VALUES ('242daec7-8092-4899-b8e9-0c094d35b488', '0614a7ba-df34-4fea-8467-0b6eece4fb9f');
INSERT INTO pokemon_move (pokemon_id, move_id) VALUES ('242daec7-8092-4899-b8e9-0c094d35b488', 'ba84d053-7a99-4da5-828b-e4ea229e08d3');
INSERT INTO pokemon_type (pokemon_id, type_id) VALUES ('242daec7-8092-4899-b8e9-0c094d35b488', 'dd7988d2-71a8-4b9c-ac9d-da02c3f7a9d4');
INSERT INTO pokemon (id, original_id, name, height, weight, species, image_url, cry_sound) VALUES ('7823d940-dd9a-4635-8795-88c6d2374ad4', '37' , 'vulpix', 6, 99, 'vulpix', 'https://raw.githubusercontent.com/PokeAPI/sprites/master/sprites/pokemon/37.png', 'https://raw.githubusercontent.com/PokeAPI/cries/main/cries/pokemon/latest/37.ogg');
INSERT INTO pokemon_ability (pokemon_id, ability_id) VALUES ('7823d940-dd9a-4635-8795-88c6d2374ad4', '2f5187fe-a408-4222-8e89-0c4a82a4f14e');
INSERT INTO pokemon_ability (pokemon_id, ability_id) VALUES ('7823d940-dd9a-4635-8795-88c6d2374ad4', 'b230cd72-7d6e-470e-8cd2-12cf7fca664e');
INSERT INTO pokemon_form (pokemon_id, form_id) VALUES ('7823d940-dd9a-4635-8795-88c6d2374ad4', '6558d407-5c95-4e48-adb0-70f28e93d48b');
INSERT INTO pokemon_held_item (pokemon_id, held_item_id) VALUES ('7823d940-dd9a-4635-8795-88c6d2374ad4', '8acf8f2c-a48f-48c3-9612-57d0e333ce5c');
INSERT INTO pokemon_held_item (pokemon_id, held_item_id) VALUES ('7823d940-dd9a-4635-8795-88c6d2374ad4', '77db9ab8-9a1c-4137-a42d-0b89d09532de');
INSERT INTO pokemon_move (pokemon_id, move_id) VALUES ('7823d940-dd9a-4635-8795-88c6d2374ad4', 'aea68489-64e1-4505-9fc3-ba736f40a73f');
INSERT INTO pokemon_move (pokemon_id, move_id) VALUES ('7823d940-dd9a-4635-8795-88c6d2374ad4', 'a13b160c-b04c-4024-bc63-0e4e60ddc241');
INSERT INTO pokemon_move (pokemon_id, move_id) VALUES ('7823d940-dd9a-4635-8795-88c6d2374ad4', 'cd9c0412-b0d0-470f-bda9-b344803b2323');
INSERT INTO pokemon_move (pokemon_id, move_id) VALUES ('7823d940-dd9a-4635-8795-88c6d2374ad4', '3df4a465-c9e3-4da8-a582-50747f45c60e');
INSERT INTO pokemon_move (pokemon_id, move_id) VALUES ('7823d940-dd9a-4635-8795-88c6d2374ad4', '6b47ed03-541e-4f2c-b732-068173acf850');
INSERT INTO pokemon_type (pokemon_id, type_id) VALUES ('7823d940-dd9a-4635-8795-88c6d2374ad4', '65345a32-8c9f-40a0-9113-2144d1fbfb64');
INSERT INTO pokemon (id, original_id, name, height, weight, species, image_url, cry_sound) VALUES ('7aab885d-3f26-4c4a-a47f-0ded339a29ba', '38' , 'ninetales', 11, 199, 'ninetales', 'https://raw.githubusercontent.com/PokeAPI/sprites/master/sprites/pokemon/38.png', 'https://raw.githubusercontent.com/PokeAPI/cries/main/cries/pokemon/latest/38.ogg');
INSERT INTO pokemon_ability (pokemon_id, ability_id) VALUES ('7aab885d-3f26-4c4a-a47f-0ded339a29ba', '2f5187fe-a408-4222-8e89-0c4a82a4f14e');
INSERT INTO pokemon_ability (pokemon_id, ability_id) VALUES ('7aab885d-3f26-4c4a-a47f-0ded339a29ba', 'b230cd72-7d6e-470e-8cd2-12cf7fca664e');
INSERT INTO pokemon_form (pokemon_id, form_id) VALUES ('7aab885d-3f26-4c4a-a47f-0ded339a29ba', '5de74f4a-25f5-4144-a6b5-cdee0da6f526');
INSERT INTO pokemon_held_item (pokemon_id, held_item_id) VALUES ('7aab885d-3f26-4c4a-a47f-0ded339a29ba', '8acf8f2c-a48f-48c3-9612-57d0e333ce5c');
INSERT INTO pokemon_held_item (pokemon_id, held_item_id) VALUES ('7aab885d-3f26-4c4a-a47f-0ded339a29ba', '77db9ab8-9a1c-4137-a42d-0b89d09532de');
INSERT INTO pokemon_move (pokemon_id, move_id) VALUES ('7aab885d-3f26-4c4a-a47f-0ded339a29ba', 'aea68489-64e1-4505-9fc3-ba736f40a73f');
INSERT INTO pokemon_move (pokemon_id, move_id) VALUES ('7aab885d-3f26-4c4a-a47f-0ded339a29ba', 'a13b160c-b04c-4024-bc63-0e4e60ddc241');
INSERT INTO pokemon_move (pokemon_id, move_id) VALUES ('7aab885d-3f26-4c4a-a47f-0ded339a29ba', 'cd9c0412-b0d0-470f-bda9-b344803b2323');
INSERT INTO pokemon_move (pokemon_id, move_id) VALUES ('7aab885d-3f26-4c4a-a47f-0ded339a29ba', '3df4a465-c9e3-4da8-a582-50747f45c60e');
INSERT INTO pokemon_move (pokemon_id, move_id) VALUES ('7aab885d-3f26-4c4a-a47f-0ded339a29ba', '6b47ed03-541e-4f2c-b732-068173acf850');
INSERT INTO pokemon_type (pokemon_id, type_id) VALUES ('7aab885d-3f26-4c4a-a47f-0ded339a29ba', '65345a32-8c9f-40a0-9113-2144d1fbfb64');
INSERT INTO pokemon (id, original_id, name, height, weight, species, image_url, cry_sound) VALUES ('7aa0bff7-ea39-49af-8dd0-46198e5f8828', '39' , 'jigglypuff', 5, 55, 'jigglypuff', 'https://raw.githubusercontent.com/PokeAPI/sprites/master/sprites/pokemon/39.png', 'https://raw.githubusercontent.com/PokeAPI/cries/main/cries/pokemon/latest/39.ogg');
INSERT INTO pokemon_ability (pokemon_id, ability_id) VALUES ('7aa0bff7-ea39-49af-8dd0-46198e5f8828', '87b89963-a433-427c-ae8b-604cbb6da43b');
INSERT INTO pokemon_ability (pokemon_id, ability_id) VALUES ('7aa0bff7-ea39-49af-8dd0-46198e5f8828', '00999132-0d90-4662-8097-0c20dd9dc73c');
INSERT INTO pokemon_ability (pokemon_id, ability_id) VALUES ('7aa0bff7-ea39-49af-8dd0-46198e5f8828', '042429a9-ec32-4274-8ed3-f5a01cc57f01');
INSERT INTO pokemon_form (pokemon_id, form_id) VALUES ('7aa0bff7-ea39-49af-8dd0-46198e5f8828', '1fd3f1fd-7392-413e-9713-93d7ff9b278b');
INSERT INTO pokemon_held_item (pokemon_id, held_item_id) VALUES ('7aa0bff7-ea39-49af-8dd0-46198e5f8828', 'f9fd5aa1-2a05-46c9-bef7-a03791d8e581');
INSERT INTO pokemon_held_item (pokemon_id, held_item_id) VALUES ('7aa0bff7-ea39-49af-8dd0-46198e5f8828', 'cff907fb-6ebd-48e9-8a15-853ac0788123');
INSERT INTO pokemon_move (pokemon_id, move_id) VALUES ('7aa0bff7-ea39-49af-8dd0-46198e5f8828', '1c8cdd5c-2d2b-4371-9ca7-aaed87b0df01');
INSERT INTO pokemon_move (pokemon_id, move_id) VALUES ('7aa0bff7-ea39-49af-8dd0-46198e5f8828', '176d768d-7153-4a34-9032-8a0b314c2bef');
INSERT INTO pokemon_move (pokemon_id, move_id) VALUES ('7aa0bff7-ea39-49af-8dd0-46198e5f8828', '8f2e0a15-7a9d-4afb-8eea-16750e9484ed');
INSERT INTO pokemon_move (pokemon_id, move_id) VALUES ('7aa0bff7-ea39-49af-8dd0-46198e5f8828', '0614a7ba-df34-4fea-8467-0b6eece4fb9f');
INSERT INTO pokemon_move (pokemon_id, move_id) VALUES ('7aa0bff7-ea39-49af-8dd0-46198e5f8828', 'ba84d053-7a99-4da5-828b-e4ea229e08d3');
INSERT INTO pokemon_type (pokemon_id, type_id) VALUES ('7aa0bff7-ea39-49af-8dd0-46198e5f8828', '66c0670b-2eee-41f6-a32d-e1e12a141bd8');
INSERT INTO pokemon_type (pokemon_id, type_id) VALUES ('7aa0bff7-ea39-49af-8dd0-46198e5f8828', 'dd7988d2-71a8-4b9c-ac9d-da02c3f7a9d4');
INSERT INTO pokemon (id, original_id, name, height, weight, species, image_url, cry_sound) VALUES ('d1fd113b-2fe0-4c07-9eea-bac4610c0855', '40' , 'wigglytuff', 10, 120, 'wigglytuff', 'https://raw.githubusercontent.com/PokeAPI/sprites/master/sprites/pokemon/40.png', 'https://raw.githubusercontent.com/PokeAPI/cries/main/cries/pokemon/latest/40.ogg');
INSERT INTO pokemon_ability (pokemon_id, ability_id) VALUES ('d1fd113b-2fe0-4c07-9eea-bac4610c0855', '87b89963-a433-427c-ae8b-604cbb6da43b');
INSERT INTO pokemon_ability (pokemon_id, ability_id) VALUES ('d1fd113b-2fe0-4c07-9eea-bac4610c0855', '00999132-0d90-4662-8097-0c20dd9dc73c');
INSERT INTO pokemon_ability (pokemon_id, ability_id) VALUES ('d1fd113b-2fe0-4c07-9eea-bac4610c0855', '83334e57-f629-4906-bd78-c2293f411760');
INSERT INTO pokemon_form (pokemon_id, form_id) VALUES ('d1fd113b-2fe0-4c07-9eea-bac4610c0855', '688c2c03-04c1-4458-b8c5-4e4cc287dd33');
INSERT INTO pokemon_held_item (pokemon_id, held_item_id) VALUES ('d1fd113b-2fe0-4c07-9eea-bac4610c0855', 'f9fd5aa1-2a05-46c9-bef7-a03791d8e581');
INSERT INTO pokemon_held_item (pokemon_id, held_item_id) VALUES ('d1fd113b-2fe0-4c07-9eea-bac4610c0855', 'cff907fb-6ebd-48e9-8a15-853ac0788123');
INSERT INTO pokemon_move (pokemon_id, move_id) VALUES ('d1fd113b-2fe0-4c07-9eea-bac4610c0855', '1c8cdd5c-2d2b-4371-9ca7-aaed87b0df01');
INSERT INTO pokemon_move (pokemon_id, move_id) VALUES ('d1fd113b-2fe0-4c07-9eea-bac4610c0855', '176d768d-7153-4a34-9032-8a0b314c2bef');
INSERT INTO pokemon_move (pokemon_id, move_id) VALUES ('d1fd113b-2fe0-4c07-9eea-bac4610c0855', '8f2e0a15-7a9d-4afb-8eea-16750e9484ed');
INSERT INTO pokemon_move (pokemon_id, move_id) VALUES ('d1fd113b-2fe0-4c07-9eea-bac4610c0855', '0614a7ba-df34-4fea-8467-0b6eece4fb9f');
INSERT INTO pokemon_move (pokemon_id, move_id) VALUES ('d1fd113b-2fe0-4c07-9eea-bac4610c0855', 'ba84d053-7a99-4da5-828b-e4ea229e08d3');
INSERT INTO pokemon_type (pokemon_id, type_id) VALUES ('d1fd113b-2fe0-4c07-9eea-bac4610c0855', '66c0670b-2eee-41f6-a32d-e1e12a141bd8');
INSERT INTO pokemon_type (pokemon_id, type_id) VALUES ('d1fd113b-2fe0-4c07-9eea-bac4610c0855', 'dd7988d2-71a8-4b9c-ac9d-da02c3f7a9d4');
INSERT INTO pokemon (id, original_id, name, height, weight, species, image_url, cry_sound) VALUES ('c92b5880-ec84-4f46-85c8-efdfdae9e3d8', '41' , 'zubat', 8, 75, 'zubat', 'https://raw.githubusercontent.com/PokeAPI/sprites/master/sprites/pokemon/41.png', 'https://raw.githubusercontent.com/PokeAPI/cries/main/cries/pokemon/latest/41.ogg');
INSERT INTO pokemon_ability (pokemon_id, ability_id) VALUES ('c92b5880-ec84-4f46-85c8-efdfdae9e3d8', 'f73d0d2b-85e8-454e-80ea-80be432de13e');
INSERT INTO pokemon_ability (pokemon_id, ability_id) VALUES ('c92b5880-ec84-4f46-85c8-efdfdae9e3d8', 'a4c9d6df-e758-408e-a934-7e1427f6e587');
INSERT INTO pokemon_form (pokemon_id, form_id) VALUES ('c92b5880-ec84-4f46-85c8-efdfdae9e3d8', 'c76d5198-9bbe-44a8-bc54-80fffaa8bc4b');
INSERT INTO pokemon_move (pokemon_id, move_id) VALUES ('c92b5880-ec84-4f46-85c8-efdfdae9e3d8', '19233272-8c3b-4e96-a9ee-ee146e6a7b05');
INSERT INTO pokemon_move (pokemon_id, move_id) VALUES ('c92b5880-ec84-4f46-85c8-efdfdae9e3d8', '8fc0e8ef-64e2-4803-b954-427d4f8b8ad9');
INSERT INTO pokemon_move (pokemon_id, move_id) VALUES ('c92b5880-ec84-4f46-85c8-efdfdae9e3d8', 'c977bf4f-9f86-400a-996c-87fb62b40c68');
INSERT INTO pokemon_move (pokemon_id, move_id) VALUES ('c92b5880-ec84-4f46-85c8-efdfdae9e3d8', '4a26e96a-9241-408b-bc29-f918af316ee2');
INSERT INTO pokemon_move (pokemon_id, move_id) VALUES ('c92b5880-ec84-4f46-85c8-efdfdae9e3d8', '615d039e-a238-464e-abe3-72d7bc3683c7');
INSERT INTO pokemon_type (pokemon_id, type_id) VALUES ('c92b5880-ec84-4f46-85c8-efdfdae9e3d8', '3246137a-3c1a-4c22-a4d2-07d260a3c939');
INSERT INTO pokemon_type (pokemon_id, type_id) VALUES ('c92b5880-ec84-4f46-85c8-efdfdae9e3d8', 'f91b9dfe-9524-499a-809b-93728a1b12fd');
INSERT INTO pokemon (id, original_id, name, height, weight, species, image_url, cry_sound) VALUES ('6c150027-894b-42bb-9ef9-63014cc56180', '42' , 'golbat', 16, 550, 'golbat', 'https://raw.githubusercontent.com/PokeAPI/sprites/master/sprites/pokemon/42.png', 'https://raw.githubusercontent.com/PokeAPI/cries/main/cries/pokemon/latest/42.ogg');
INSERT INTO pokemon_ability (pokemon_id, ability_id) VALUES ('6c150027-894b-42bb-9ef9-63014cc56180', 'f73d0d2b-85e8-454e-80ea-80be432de13e');
INSERT INTO pokemon_ability (pokemon_id, ability_id) VALUES ('6c150027-894b-42bb-9ef9-63014cc56180', 'a4c9d6df-e758-408e-a934-7e1427f6e587');
INSERT INTO pokemon_form (pokemon_id, form_id) VALUES ('6c150027-894b-42bb-9ef9-63014cc56180', 'f5b77c48-35e5-4f84-b714-9c71d0795867');
INSERT INTO pokemon_move (pokemon_id, move_id) VALUES ('6c150027-894b-42bb-9ef9-63014cc56180', '19233272-8c3b-4e96-a9ee-ee146e6a7b05');
INSERT INTO pokemon_move (pokemon_id, move_id) VALUES ('6c150027-894b-42bb-9ef9-63014cc56180', '8fc0e8ef-64e2-4803-b954-427d4f8b8ad9');
INSERT INTO pokemon_move (pokemon_id, move_id) VALUES ('6c150027-894b-42bb-9ef9-63014cc56180', 'c977bf4f-9f86-400a-996c-87fb62b40c68');
INSERT INTO pokemon_move (pokemon_id, move_id) VALUES ('6c150027-894b-42bb-9ef9-63014cc56180', '4a26e96a-9241-408b-bc29-f918af316ee2');
INSERT INTO pokemon_move (pokemon_id, move_id) VALUES ('6c150027-894b-42bb-9ef9-63014cc56180', '615d039e-a238-464e-abe3-72d7bc3683c7');
INSERT INTO pokemon_type (pokemon_id, type_id) VALUES ('6c150027-894b-42bb-9ef9-63014cc56180', '3246137a-3c1a-4c22-a4d2-07d260a3c939');
INSERT INTO pokemon_type (pokemon_id, type_id) VALUES ('6c150027-894b-42bb-9ef9-63014cc56180', 'f91b9dfe-9524-499a-809b-93728a1b12fd');
INSERT INTO pokemon (id, original_id, name, height, weight, species, image_url, cry_sound) VALUES ('65ba833d-522f-42fe-b138-9158b4b2f8a3', '43' , 'oddish', 5, 54, 'oddish', 'https://raw.githubusercontent.com/PokeAPI/sprites/master/sprites/pokemon/43.png', 'https://raw.githubusercontent.com/PokeAPI/cries/main/cries/pokemon/latest/43.ogg');
INSERT INTO pokemon_ability (pokemon_id, ability_id) VALUES ('65ba833d-522f-42fe-b138-9158b4b2f8a3', '6fa758b7-dfff-4a35-bb8f-41c5acb955c1');
INSERT INTO pokemon_ability (pokemon_id, ability_id) VALUES ('65ba833d-522f-42fe-b138-9158b4b2f8a3', 'dc594db6-ac1f-4ffd-b66e-33fe3a9c61f0');
INSERT INTO pokemon_form (pokemon_id, form_id) VALUES ('65ba833d-522f-42fe-b138-9158b4b2f8a3', '3db9b9b0-7932-4c88-85a7-cc0f4f00e90e');
INSERT INTO pokemon_held_item (pokemon_id, held_item_id) VALUES ('65ba833d-522f-42fe-b138-9158b4b2f8a3', 'ab630005-dc27-4075-b3a6-10637e0cda9a');
INSERT INTO pokemon_move (pokemon_id, move_id) VALUES ('65ba833d-522f-42fe-b138-9158b4b2f8a3', 'dd7c1592-f25c-4be0-b891-f718a79b3bc7');
INSERT INTO pokemon_move (pokemon_id, move_id) VALUES ('65ba833d-522f-42fe-b138-9158b4b2f8a3', '8e4532e2-402b-4c35-b3e2-b8df45f33558');
INSERT INTO pokemon_move (pokemon_id, move_id) VALUES ('65ba833d-522f-42fe-b138-9158b4b2f8a3', 'aea68489-64e1-4505-9fc3-ba736f40a73f');
INSERT INTO pokemon_move (pokemon_id, move_id) VALUES ('65ba833d-522f-42fe-b138-9158b4b2f8a3', '3df4a465-c9e3-4da8-a582-50747f45c60e');
INSERT INTO pokemon_move (pokemon_id, move_id) VALUES ('65ba833d-522f-42fe-b138-9158b4b2f8a3', '6b47ed03-541e-4f2c-b732-068173acf850');
INSERT INTO pokemon_type (pokemon_id, type_id) VALUES ('65ba833d-522f-42fe-b138-9158b4b2f8a3', '7557f983-c34a-47ba-b3e8-cdc6c1fd7e97');
INSERT INTO pokemon_type (pokemon_id, type_id) VALUES ('65ba833d-522f-42fe-b138-9158b4b2f8a3', '3246137a-3c1a-4c22-a4d2-07d260a3c939');
INSERT INTO pokemon (id, original_id, name, height, weight, species, image_url, cry_sound) VALUES ('ab801fe5-ec4f-4c66-b7a0-279c6a8fb02c', '44' , 'gloom', 8, 86, 'gloom', 'https://raw.githubusercontent.com/PokeAPI/sprites/master/sprites/pokemon/44.png', 'https://raw.githubusercontent.com/PokeAPI/cries/main/cries/pokemon/latest/44.ogg');
INSERT INTO pokemon_ability (pokemon_id, ability_id) VALUES ('ab801fe5-ec4f-4c66-b7a0-279c6a8fb02c', '6fa758b7-dfff-4a35-bb8f-41c5acb955c1');
INSERT INTO pokemon_ability (pokemon_id, ability_id) VALUES ('ab801fe5-ec4f-4c66-b7a0-279c6a8fb02c', '084d29e9-3a1c-4f8d-86ac-3725c02cda6a');
INSERT INTO pokemon_form (pokemon_id, form_id) VALUES ('ab801fe5-ec4f-4c66-b7a0-279c6a8fb02c', '465cc7bc-c983-4c52-a696-e13b618426e6');
INSERT INTO pokemon_held_item (pokemon_id, held_item_id) VALUES ('ab801fe5-ec4f-4c66-b7a0-279c6a8fb02c', 'ab630005-dc27-4075-b3a6-10637e0cda9a');
INSERT INTO pokemon_move (pokemon_id, move_id) VALUES ('ab801fe5-ec4f-4c66-b7a0-279c6a8fb02c', 'dd7c1592-f25c-4be0-b891-f718a79b3bc7');
INSERT INTO pokemon_move (pokemon_id, move_id) VALUES ('ab801fe5-ec4f-4c66-b7a0-279c6a8fb02c', '8e4532e2-402b-4c35-b3e2-b8df45f33558');
INSERT INTO pokemon_move (pokemon_id, move_id) VALUES ('ab801fe5-ec4f-4c66-b7a0-279c6a8fb02c', 'aea68489-64e1-4505-9fc3-ba736f40a73f');
INSERT INTO pokemon_move (pokemon_id, move_id) VALUES ('ab801fe5-ec4f-4c66-b7a0-279c6a8fb02c', '3df4a465-c9e3-4da8-a582-50747f45c60e');
INSERT INTO pokemon_move (pokemon_id, move_id) VALUES ('ab801fe5-ec4f-4c66-b7a0-279c6a8fb02c', '6b47ed03-541e-4f2c-b732-068173acf850');
INSERT INTO pokemon_type (pokemon_id, type_id) VALUES ('ab801fe5-ec4f-4c66-b7a0-279c6a8fb02c', '7557f983-c34a-47ba-b3e8-cdc6c1fd7e97');
INSERT INTO pokemon_type (pokemon_id, type_id) VALUES ('ab801fe5-ec4f-4c66-b7a0-279c6a8fb02c', '3246137a-3c1a-4c22-a4d2-07d260a3c939');
INSERT INTO pokemon (id, original_id, name, height, weight, species, image_url, cry_sound) VALUES ('e9903b4f-a494-439f-9bbd-7108fbc28100', '45' , 'vileplume', 12, 186, 'vileplume', 'https://raw.githubusercontent.com/PokeAPI/sprites/master/sprites/pokemon/45.png', 'https://raw.githubusercontent.com/PokeAPI/cries/main/cries/pokemon/latest/45.ogg');
INSERT INTO pokemon_ability (pokemon_id, ability_id) VALUES ('e9903b4f-a494-439f-9bbd-7108fbc28100', '6fa758b7-dfff-4a35-bb8f-41c5acb955c1');
INSERT INTO pokemon_ability (pokemon_id, ability_id) VALUES ('e9903b4f-a494-439f-9bbd-7108fbc28100', '1422ac12-6f1c-458e-b606-0e8373a7ca5b');
INSERT INTO pokemon_form (pokemon_id, form_id) VALUES ('e9903b4f-a494-439f-9bbd-7108fbc28100', '9ed4b7b4-c735-46cd-b63c-5bd06b555164');
INSERT INTO pokemon_held_item (pokemon_id, held_item_id) VALUES ('e9903b4f-a494-439f-9bbd-7108fbc28100', 'ab630005-dc27-4075-b3a6-10637e0cda9a');
INSERT INTO pokemon_move (pokemon_id, move_id) VALUES ('e9903b4f-a494-439f-9bbd-7108fbc28100', 'dd7c1592-f25c-4be0-b891-f718a79b3bc7');
INSERT INTO pokemon_move (pokemon_id, move_id) VALUES ('e9903b4f-a494-439f-9bbd-7108fbc28100', '8e4532e2-402b-4c35-b3e2-b8df45f33558');
INSERT INTO pokemon_move (pokemon_id, move_id) VALUES ('e9903b4f-a494-439f-9bbd-7108fbc28100', 'aea68489-64e1-4505-9fc3-ba736f40a73f');
INSERT INTO pokemon_move (pokemon_id, move_id) VALUES ('e9903b4f-a494-439f-9bbd-7108fbc28100', 'cd9c0412-b0d0-470f-bda9-b344803b2323');
INSERT INTO pokemon_move (pokemon_id, move_id) VALUES ('e9903b4f-a494-439f-9bbd-7108fbc28100', '3df4a465-c9e3-4da8-a582-50747f45c60e');
INSERT INTO pokemon_type (pokemon_id, type_id) VALUES ('e9903b4f-a494-439f-9bbd-7108fbc28100', '7557f983-c34a-47ba-b3e8-cdc6c1fd7e97');
INSERT INTO pokemon_type (pokemon_id, type_id) VALUES ('e9903b4f-a494-439f-9bbd-7108fbc28100', '3246137a-3c1a-4c22-a4d2-07d260a3c939');
INSERT INTO pokemon (id, original_id, name, height, weight, species, image_url, cry_sound) VALUES ('f2f1d533-b1bf-433f-9785-5a457a375ba1', '46' , 'paras', 3, 54, 'paras', 'https://raw.githubusercontent.com/PokeAPI/sprites/master/sprites/pokemon/46.png', 'https://raw.githubusercontent.com/PokeAPI/cries/main/cries/pokemon/latest/46.ogg');
INSERT INTO pokemon_ability (pokemon_id, ability_id) VALUES ('f2f1d533-b1bf-433f-9785-5a457a375ba1', '1422ac12-6f1c-458e-b606-0e8373a7ca5b');
INSERT INTO pokemon_ability (pokemon_id, ability_id) VALUES ('f2f1d533-b1bf-433f-9785-5a457a375ba1', 'a0d3a717-e4e2-4b81-bf99-4577ba5214a6');
INSERT INTO pokemon_ability (pokemon_id, ability_id) VALUES ('f2f1d533-b1bf-433f-9785-5a457a375ba1', '380ea097-c3aa-46fe-bd86-867fe9b77c74');
INSERT INTO pokemon_form (pokemon_id, form_id) VALUES ('f2f1d533-b1bf-433f-9785-5a457a375ba1', '4b80abf5-0e11-49fb-9c20-0ab6b7a71c23');
INSERT INTO pokemon_held_item (pokemon_id, held_item_id) VALUES ('f2f1d533-b1bf-433f-9785-5a457a375ba1', '92c2fd5c-f093-485b-a566-2b8fea974058');
INSERT INTO pokemon_held_item (pokemon_id, held_item_id) VALUES ('f2f1d533-b1bf-433f-9785-5a457a375ba1', '860a86d4-9045-4c25-a826-fe75e5115335');
INSERT INTO pokemon_held_item (pokemon_id, held_item_id) VALUES ('f2f1d533-b1bf-433f-9785-5a457a375ba1', '9f29e672-3b88-4f35-b87a-4aa901b3da72');
INSERT INTO pokemon_move (pokemon_id, move_id) VALUES ('f2f1d533-b1bf-433f-9785-5a457a375ba1', '9ea828b7-9450-46a7-892f-343f5c97817b');
INSERT INTO pokemon_move (pokemon_id, move_id) VALUES ('f2f1d533-b1bf-433f-9785-5a457a375ba1', 'dd7c1592-f25c-4be0-b891-f718a79b3bc7');
INSERT INTO pokemon_move (pokemon_id, move_id) VALUES ('f2f1d533-b1bf-433f-9785-5a457a375ba1', '8e4532e2-402b-4c35-b3e2-b8df45f33558');
INSERT INTO pokemon_move (pokemon_id, move_id) VALUES ('f2f1d533-b1bf-433f-9785-5a457a375ba1', 'aea68489-64e1-4505-9fc3-ba736f40a73f');
INSERT INTO pokemon_move (pokemon_id, move_id) VALUES ('f2f1d533-b1bf-433f-9785-5a457a375ba1', 'cd9c0412-b0d0-470f-bda9-b344803b2323');
INSERT INTO pokemon_type (pokemon_id, type_id) VALUES ('f2f1d533-b1bf-433f-9785-5a457a375ba1', '0ce189f7-61c6-4fb8-98f5-d81b5073ad92');
INSERT INTO pokemon_type (pokemon_id, type_id) VALUES ('f2f1d533-b1bf-433f-9785-5a457a375ba1', '7557f983-c34a-47ba-b3e8-cdc6c1fd7e97');
INSERT INTO pokemon (id, original_id, name, height, weight, species, image_url, cry_sound) VALUES ('a6ffbd60-e048-491e-aa1f-d5dbe93e1fac', '47' , 'parasect', 10, 295, 'parasect', 'https://raw.githubusercontent.com/PokeAPI/sprites/master/sprites/pokemon/47.png', 'https://raw.githubusercontent.com/PokeAPI/cries/main/cries/pokemon/latest/47.ogg');
INSERT INTO pokemon_ability (pokemon_id, ability_id) VALUES ('a6ffbd60-e048-491e-aa1f-d5dbe93e1fac', '1422ac12-6f1c-458e-b606-0e8373a7ca5b');
INSERT INTO pokemon_ability (pokemon_id, ability_id) VALUES ('a6ffbd60-e048-491e-aa1f-d5dbe93e1fac', 'a0d3a717-e4e2-4b81-bf99-4577ba5214a6');
INSERT INTO pokemon_ability (pokemon_id, ability_id) VALUES ('a6ffbd60-e048-491e-aa1f-d5dbe93e1fac', '380ea097-c3aa-46fe-bd86-867fe9b77c74');
INSERT INTO pokemon_form (pokemon_id, form_id) VALUES ('a6ffbd60-e048-491e-aa1f-d5dbe93e1fac', '143a0e19-724f-4e34-8403-1bb6518a1376');
INSERT INTO pokemon_held_item (pokemon_id, held_item_id) VALUES ('a6ffbd60-e048-491e-aa1f-d5dbe93e1fac', '92c2fd5c-f093-485b-a566-2b8fea974058');
INSERT INTO pokemon_held_item (pokemon_id, held_item_id) VALUES ('a6ffbd60-e048-491e-aa1f-d5dbe93e1fac', '860a86d4-9045-4c25-a826-fe75e5115335');
INSERT INTO pokemon_held_item (pokemon_id, held_item_id) VALUES ('a6ffbd60-e048-491e-aa1f-d5dbe93e1fac', '9f29e672-3b88-4f35-b87a-4aa901b3da72');
INSERT INTO pokemon_move (pokemon_id, move_id) VALUES ('a6ffbd60-e048-491e-aa1f-d5dbe93e1fac', '9ea828b7-9450-46a7-892f-343f5c97817b');
INSERT INTO pokemon_move (pokemon_id, move_id) VALUES ('a6ffbd60-e048-491e-aa1f-d5dbe93e1fac', 'dd7c1592-f25c-4be0-b891-f718a79b3bc7');
INSERT INTO pokemon_move (pokemon_id, move_id) VALUES ('a6ffbd60-e048-491e-aa1f-d5dbe93e1fac', '8e4532e2-402b-4c35-b3e2-b8df45f33558');
INSERT INTO pokemon_move (pokemon_id, move_id) VALUES ('a6ffbd60-e048-491e-aa1f-d5dbe93e1fac', 'aea68489-64e1-4505-9fc3-ba736f40a73f');
INSERT INTO pokemon_move (pokemon_id, move_id) VALUES ('a6ffbd60-e048-491e-aa1f-d5dbe93e1fac', 'cd9c0412-b0d0-470f-bda9-b344803b2323');
INSERT INTO pokemon_type (pokemon_id, type_id) VALUES ('a6ffbd60-e048-491e-aa1f-d5dbe93e1fac', '0ce189f7-61c6-4fb8-98f5-d81b5073ad92');
INSERT INTO pokemon_type (pokemon_id, type_id) VALUES ('a6ffbd60-e048-491e-aa1f-d5dbe93e1fac', '7557f983-c34a-47ba-b3e8-cdc6c1fd7e97');
INSERT INTO pokemon (id, original_id, name, height, weight, species, image_url, cry_sound) VALUES ('a728c382-d3a6-454b-84f2-2625ff57dd82', '48' , 'venonat', 10, 300, 'venonat', 'https://raw.githubusercontent.com/PokeAPI/sprites/master/sprites/pokemon/48.png', 'https://raw.githubusercontent.com/PokeAPI/cries/main/cries/pokemon/latest/48.ogg');
INSERT INTO pokemon_ability (pokemon_id, ability_id) VALUES ('a728c382-d3a6-454b-84f2-2625ff57dd82', 'e432d8d3-5c78-44e6-997e-dee2c88ad384');
INSERT INTO pokemon_ability (pokemon_id, ability_id) VALUES ('a728c382-d3a6-454b-84f2-2625ff57dd82', '7f1c66e1-4092-40f1-b30d-2ac73c0bf47d');
INSERT INTO pokemon_ability (pokemon_id, ability_id) VALUES ('a728c382-d3a6-454b-84f2-2625ff57dd82', 'dc594db6-ac1f-4ffd-b66e-33fe3a9c61f0');
INSERT INTO pokemon_form (pokemon_id, form_id) VALUES ('a728c382-d3a6-454b-84f2-2625ff57dd82', '27cefabd-de8c-4731-9251-b1de91134dd3');
INSERT INTO pokemon_move (pokemon_id, move_id) VALUES ('a728c382-d3a6-454b-84f2-2625ff57dd82', 'aea68489-64e1-4505-9fc3-ba736f40a73f');
INSERT INTO pokemon_move (pokemon_id, move_id) VALUES ('a728c382-d3a6-454b-84f2-2625ff57dd82', 'a13b160c-b04c-4024-bc63-0e4e60ddc241');
INSERT INTO pokemon_move (pokemon_id, move_id) VALUES ('a728c382-d3a6-454b-84f2-2625ff57dd82', '3df4a465-c9e3-4da8-a582-50747f45c60e');
INSERT INTO pokemon_move (pokemon_id, move_id) VALUES ('a728c382-d3a6-454b-84f2-2625ff57dd82', '6b47ed03-541e-4f2c-b732-068173acf850');
INSERT INTO pokemon_move (pokemon_id, move_id) VALUES ('a728c382-d3a6-454b-84f2-2625ff57dd82', '6a0ed383-fad9-4a1a-aa9a-88bf6e8e0677');
INSERT INTO pokemon_type (pokemon_id, type_id) VALUES ('a728c382-d3a6-454b-84f2-2625ff57dd82', '0ce189f7-61c6-4fb8-98f5-d81b5073ad92');
INSERT INTO pokemon_type (pokemon_id, type_id) VALUES ('a728c382-d3a6-454b-84f2-2625ff57dd82', '3246137a-3c1a-4c22-a4d2-07d260a3c939');
INSERT INTO pokemon (id, original_id, name, height, weight, species, image_url, cry_sound) VALUES ('8f0edd06-85ba-4162-94a8-0727ef302e4c', '49' , 'venomoth', 15, 125, 'venomoth', 'https://raw.githubusercontent.com/PokeAPI/sprites/master/sprites/pokemon/49.png', 'https://raw.githubusercontent.com/PokeAPI/cries/main/cries/pokemon/latest/49.ogg');
INSERT INTO pokemon_ability (pokemon_id, ability_id) VALUES ('8f0edd06-85ba-4162-94a8-0727ef302e4c', '49579ebf-9073-4ee3-b8cc-23c476beed59');
INSERT INTO pokemon_ability (pokemon_id, ability_id) VALUES ('8f0edd06-85ba-4162-94a8-0727ef302e4c', '7f1c66e1-4092-40f1-b30d-2ac73c0bf47d');
INSERT INTO pokemon_ability (pokemon_id, ability_id) VALUES ('8f0edd06-85ba-4162-94a8-0727ef302e4c', 'fb7da970-eca8-45ac-9d12-3a98e6fd2f2a');
INSERT INTO pokemon_form (pokemon_id, form_id) VALUES ('8f0edd06-85ba-4162-94a8-0727ef302e4c', 'd4414226-7876-4620-8c9e-23ce40a487e4');
INSERT INTO pokemon_held_item (pokemon_id, held_item_id) VALUES ('8f0edd06-85ba-4162-94a8-0727ef302e4c', 'ec01256d-ac3a-4306-a443-cd3c7f448c46');
INSERT INTO pokemon_held_item (pokemon_id, held_item_id) VALUES ('8f0edd06-85ba-4162-94a8-0727ef302e4c', 'b50cd291-c6c5-4dcc-a6f1-b970e51167c2');
INSERT INTO pokemon_move (pokemon_id, move_id) VALUES ('8f0edd06-85ba-4162-94a8-0727ef302e4c', '19233272-8c3b-4e96-a9ee-ee146e6a7b05');
INSERT INTO pokemon_move (pokemon_id, move_id) VALUES ('8f0edd06-85ba-4162-94a8-0727ef302e4c', '8fc0e8ef-64e2-4803-b954-427d4f8b8ad9');
INSERT INTO pokemon_move (pokemon_id, move_id) VALUES ('8f0edd06-85ba-4162-94a8-0727ef302e4c', '4a26e96a-9241-408b-bc29-f918af316ee2');
INSERT INTO pokemon_move (pokemon_id, move_id) VALUES ('8f0edd06-85ba-4162-94a8-0727ef302e4c', 'aea68489-64e1-4505-9fc3-ba736f40a73f');
INSERT INTO pokemon_move (pokemon_id, move_id) VALUES ('8f0edd06-85ba-4162-94a8-0727ef302e4c', 'a13b160c-b04c-4024-bc63-0e4e60ddc241');
INSERT INTO pokemon_type (pokemon_id, type_id) VALUES ('8f0edd06-85ba-4162-94a8-0727ef302e4c', '0ce189f7-61c6-4fb8-98f5-d81b5073ad92');
INSERT INTO pokemon_type (pokemon_id, type_id) VALUES ('8f0edd06-85ba-4162-94a8-0727ef302e4c', '3246137a-3c1a-4c22-a4d2-07d260a3c939');
INSERT INTO pokemon (id, original_id, name, height, weight, species, image_url, cry_sound) VALUES ('99237833-aee3-4729-b50c-4752bfce1eb3', '50' , 'diglett', 2, 8, 'diglett', 'https://raw.githubusercontent.com/PokeAPI/sprites/master/sprites/pokemon/50.png', 'https://raw.githubusercontent.com/PokeAPI/cries/main/cries/pokemon/latest/50.ogg');
INSERT INTO pokemon_ability (pokemon_id, ability_id) VALUES ('99237833-aee3-4729-b50c-4752bfce1eb3', 'eea50d29-4d42-4f32-9bb0-b2d6b2475f10');
INSERT INTO pokemon_ability (pokemon_id, ability_id) VALUES ('99237833-aee3-4729-b50c-4752bfce1eb3', 'a6da6b54-093c-472e-b9cf-862f525de882');
INSERT INTO pokemon_ability (pokemon_id, ability_id) VALUES ('99237833-aee3-4729-b50c-4752bfce1eb3', '358fcc91-9f4a-41ce-a456-1380dc20a168');
INSERT INTO pokemon_form (pokemon_id, form_id) VALUES ('99237833-aee3-4729-b50c-4752bfce1eb3', '8d9c8beb-9544-437e-9047-7095c5dc7291');
INSERT INTO pokemon_held_item (pokemon_id, held_item_id) VALUES ('99237833-aee3-4729-b50c-4752bfce1eb3', 'd2b995e0-164d-4675-a698-b1de9ca1fd54');
INSERT INTO pokemon_move (pokemon_id, move_id) VALUES ('99237833-aee3-4729-b50c-4752bfce1eb3', '9ea828b7-9450-46a7-892f-343f5c97817b');
INSERT INTO pokemon_move (pokemon_id, move_id) VALUES ('99237833-aee3-4729-b50c-4752bfce1eb3', 'dd7c1592-f25c-4be0-b891-f718a79b3bc7');
INSERT INTO pokemon_move (pokemon_id, move_id) VALUES ('99237833-aee3-4729-b50c-4752bfce1eb3', '8e4532e2-402b-4c35-b3e2-b8df45f33558');
INSERT INTO pokemon_move (pokemon_id, move_id) VALUES ('99237833-aee3-4729-b50c-4752bfce1eb3', 'cae07402-937e-4e7b-b4bc-85391001dc6b');
INSERT INTO pokemon_move (pokemon_id, move_id) VALUES ('99237833-aee3-4729-b50c-4752bfce1eb3', 'aea68489-64e1-4505-9fc3-ba736f40a73f');
INSERT INTO pokemon_type (pokemon_id, type_id) VALUES ('99237833-aee3-4729-b50c-4752bfce1eb3', 'dec69f37-9b5f-4f98-95de-f55015eec5c4');
INSERT INTO pokemon (id, original_id, name, height, weight, species, image_url, cry_sound) VALUES ('dc44f077-c6d2-45bf-891f-7a9ef9e008b4', '51' , 'dugtrio', 7, 333, 'dugtrio', 'https://raw.githubusercontent.com/PokeAPI/sprites/master/sprites/pokemon/51.png', 'https://raw.githubusercontent.com/PokeAPI/cries/main/cries/pokemon/latest/51.ogg');
INSERT INTO pokemon_ability (pokemon_id, ability_id) VALUES ('dc44f077-c6d2-45bf-891f-7a9ef9e008b4', 'eea50d29-4d42-4f32-9bb0-b2d6b2475f10');
INSERT INTO pokemon_ability (pokemon_id, ability_id) VALUES ('dc44f077-c6d2-45bf-891f-7a9ef9e008b4', 'a6da6b54-093c-472e-b9cf-862f525de882');
INSERT INTO pokemon_ability (pokemon_id, ability_id) VALUES ('dc44f077-c6d2-45bf-891f-7a9ef9e008b4', '358fcc91-9f4a-41ce-a456-1380dc20a168');
INSERT INTO pokemon_form (pokemon_id, form_id) VALUES ('dc44f077-c6d2-45bf-891f-7a9ef9e008b4', '95ae4d64-d9f0-44d1-b9c7-e3365973d833');
INSERT INTO pokemon_held_item (pokemon_id, held_item_id) VALUES ('dc44f077-c6d2-45bf-891f-7a9ef9e008b4', 'd2b995e0-164d-4675-a698-b1de9ca1fd54');
INSERT INTO pokemon_move (pokemon_id, move_id) VALUES ('dc44f077-c6d2-45bf-891f-7a9ef9e008b4', '9ea828b7-9450-46a7-892f-343f5c97817b');
INSERT INTO pokemon_move (pokemon_id, move_id) VALUES ('dc44f077-c6d2-45bf-891f-7a9ef9e008b4', 'dd7c1592-f25c-4be0-b891-f718a79b3bc7');
INSERT INTO pokemon_move (pokemon_id, move_id) VALUES ('dc44f077-c6d2-45bf-891f-7a9ef9e008b4', '8e4532e2-402b-4c35-b3e2-b8df45f33558');
INSERT INTO pokemon_move (pokemon_id, move_id) VALUES ('dc44f077-c6d2-45bf-891f-7a9ef9e008b4', 'cae07402-937e-4e7b-b4bc-85391001dc6b');
INSERT INTO pokemon_move (pokemon_id, move_id) VALUES ('dc44f077-c6d2-45bf-891f-7a9ef9e008b4', 'aea68489-64e1-4505-9fc3-ba736f40a73f');
INSERT INTO pokemon_type (pokemon_id, type_id) VALUES ('dc44f077-c6d2-45bf-891f-7a9ef9e008b4', 'dec69f37-9b5f-4f98-95de-f55015eec5c4');
INSERT INTO pokemon (id, original_id, name, height, weight, species, image_url, cry_sound) VALUES ('f2c27e32-9a99-49c2-ab77-5b71724baac3', '52' , 'meowth', 4, 42, 'meowth', 'https://raw.githubusercontent.com/PokeAPI/sprites/master/sprites/pokemon/52.png', 'https://raw.githubusercontent.com/PokeAPI/cries/main/cries/pokemon/latest/52.ogg');
INSERT INTO pokemon_ability (pokemon_id, ability_id) VALUES ('f2c27e32-9a99-49c2-ab77-5b71724baac3', '3db71fd4-65cb-41df-ae48-f201d57bb341');
INSERT INTO pokemon_ability (pokemon_id, ability_id) VALUES ('f2c27e32-9a99-49c2-ab77-5b71724baac3', '277a34e7-52a2-40f5-9b27-6d4033c2ae4c');
INSERT INTO pokemon_ability (pokemon_id, ability_id) VALUES ('f2c27e32-9a99-49c2-ab77-5b71724baac3', '6b23ac44-8753-4ef8-b787-f3bda00641eb');
INSERT INTO pokemon_form (pokemon_id, form_id) VALUES ('f2c27e32-9a99-49c2-ab77-5b71724baac3', '38693946-1f14-402a-a783-202c1eab4142');
INSERT INTO pokemon_held_item (pokemon_id, held_item_id) VALUES ('f2c27e32-9a99-49c2-ab77-5b71724baac3', '7beb6845-8cdb-475e-823f-8464bbd2f45e');
INSERT INTO pokemon_held_item (pokemon_id, held_item_id) VALUES ('f2c27e32-9a99-49c2-ab77-5b71724baac3', '5a6b1729-37a4-4e2c-af5f-57699f5d6a90');
INSERT INTO pokemon_move (pokemon_id, move_id) VALUES ('f2c27e32-9a99-49c2-ab77-5b71724baac3', '095cd81e-83b2-465c-baa0-65a6265d8ad0');
INSERT INTO pokemon_move (pokemon_id, move_id) VALUES ('f2c27e32-9a99-49c2-ab77-5b71724baac3', '9ea828b7-9450-46a7-892f-343f5c97817b');
INSERT INTO pokemon_move (pokemon_id, move_id) VALUES ('f2c27e32-9a99-49c2-ab77-5b71724baac3', '8e4532e2-402b-4c35-b3e2-b8df45f33558');
INSERT INTO pokemon_move (pokemon_id, move_id) VALUES ('f2c27e32-9a99-49c2-ab77-5b71724baac3', 'aea68489-64e1-4505-9fc3-ba736f40a73f');
INSERT INTO pokemon_move (pokemon_id, move_id) VALUES ('f2c27e32-9a99-49c2-ab77-5b71724baac3', 'cd9c0412-b0d0-470f-bda9-b344803b2323');
INSERT INTO pokemon_type (pokemon_id, type_id) VALUES ('f2c27e32-9a99-49c2-ab77-5b71724baac3', '66c0670b-2eee-41f6-a32d-e1e12a141bd8');
INSERT INTO pokemon (id, original_id, name, height, weight, species, image_url, cry_sound) VALUES ('fbb82b29-417c-45e9-81dc-e3735507e83f', '53' , 'persian', 10, 320, 'persian', 'https://raw.githubusercontent.com/PokeAPI/sprites/master/sprites/pokemon/53.png', 'https://raw.githubusercontent.com/PokeAPI/cries/main/cries/pokemon/latest/53.ogg');
INSERT INTO pokemon_ability (pokemon_id, ability_id) VALUES ('fbb82b29-417c-45e9-81dc-e3735507e83f', '7cf51474-4d61-4a06-8edd-021861a26dc8');
INSERT INTO pokemon_ability (pokemon_id, ability_id) VALUES ('fbb82b29-417c-45e9-81dc-e3735507e83f', '277a34e7-52a2-40f5-9b27-6d4033c2ae4c');
INSERT INTO pokemon_ability (pokemon_id, ability_id) VALUES ('fbb82b29-417c-45e9-81dc-e3735507e83f', '6b23ac44-8753-4ef8-b787-f3bda00641eb');
INSERT INTO pokemon_form (pokemon_id, form_id) VALUES ('fbb82b29-417c-45e9-81dc-e3735507e83f', '3d58a2fa-1e02-4363-ade8-5a11daa6746a');
INSERT INTO pokemon_held_item (pokemon_id, held_item_id) VALUES ('fbb82b29-417c-45e9-81dc-e3735507e83f', '5a6b1729-37a4-4e2c-af5f-57699f5d6a90');
INSERT INTO pokemon_move (pokemon_id, move_id) VALUES ('fbb82b29-417c-45e9-81dc-e3735507e83f', '095cd81e-83b2-465c-baa0-65a6265d8ad0');
INSERT INTO pokemon_move (pokemon_id, move_id) VALUES ('fbb82b29-417c-45e9-81dc-e3735507e83f', '9ea828b7-9450-46a7-892f-343f5c97817b');
INSERT INTO pokemon_move (pokemon_id, move_id) VALUES ('fbb82b29-417c-45e9-81dc-e3735507e83f', '8e4532e2-402b-4c35-b3e2-b8df45f33558');
INSERT INTO pokemon_move (pokemon_id, move_id) VALUES ('fbb82b29-417c-45e9-81dc-e3735507e83f', 'aea68489-64e1-4505-9fc3-ba736f40a73f');
INSERT INTO pokemon_move (pokemon_id, move_id) VALUES ('fbb82b29-417c-45e9-81dc-e3735507e83f', 'cd9c0412-b0d0-470f-bda9-b344803b2323');
INSERT INTO pokemon_type (pokemon_id, type_id) VALUES ('fbb82b29-417c-45e9-81dc-e3735507e83f', '66c0670b-2eee-41f6-a32d-e1e12a141bd8');
INSERT INTO pokemon (id, original_id, name, height, weight, species, image_url, cry_sound) VALUES ('e7a562ec-36f6-4be1-9105-500d11d84eac', '54' , 'psyduck', 8, 196, 'psyduck', 'https://raw.githubusercontent.com/PokeAPI/sprites/master/sprites/pokemon/54.png', 'https://raw.githubusercontent.com/PokeAPI/cries/main/cries/pokemon/latest/54.ogg');
INSERT INTO pokemon_ability (pokemon_id, ability_id) VALUES ('e7a562ec-36f6-4be1-9105-500d11d84eac', '380ea097-c3aa-46fe-bd86-867fe9b77c74');
INSERT INTO pokemon_ability (pokemon_id, ability_id) VALUES ('e7a562ec-36f6-4be1-9105-500d11d84eac', '17abdeb5-13e9-4a91-84e6-6b17d8582fe6');
INSERT INTO pokemon_ability (pokemon_id, ability_id) VALUES ('e7a562ec-36f6-4be1-9105-500d11d84eac', 'c2568bdd-fc55-4255-b6ef-f4adecf15047');
INSERT INTO pokemon_form (pokemon_id, form_id) VALUES ('e7a562ec-36f6-4be1-9105-500d11d84eac', 'b74f7679-2b54-4a5a-a172-73798ba8bf53');
INSERT INTO pokemon_move (pokemon_id, move_id) VALUES ('e7a562ec-36f6-4be1-9105-500d11d84eac', '8f2e0a15-7a9d-4afb-8eea-16750e9484ed');
INSERT INTO pokemon_move (pokemon_id, move_id) VALUES ('e7a562ec-36f6-4be1-9105-500d11d84eac', '095cd81e-83b2-465c-baa0-65a6265d8ad0');
INSERT INTO pokemon_move (pokemon_id, move_id) VALUES ('e7a562ec-36f6-4be1-9105-500d11d84eac', 'ba84d053-7a99-4da5-828b-e4ea229e08d3');
INSERT INTO pokemon_move (pokemon_id, move_id) VALUES ('e7a562ec-36f6-4be1-9105-500d11d84eac', '9ea828b7-9450-46a7-892f-343f5c97817b');
INSERT INTO pokemon_move (pokemon_id, move_id) VALUES ('e7a562ec-36f6-4be1-9105-500d11d84eac', '6b613c64-594e-4df6-a894-86b8e324482c');
INSERT INTO pokemon_type (pokemon_id, type_id) VALUES ('e7a562ec-36f6-4be1-9105-500d11d84eac', '5a89bcf3-e914-4174-87a3-c7467757b2d1');
INSERT INTO pokemon (id, original_id, name, height, weight, species, image_url, cry_sound) VALUES ('de21941f-401f-4193-ab78-b1f6d3354f08', '55' , 'golduck', 17, 766, 'golduck', 'https://raw.githubusercontent.com/PokeAPI/sprites/master/sprites/pokemon/55.png', 'https://raw.githubusercontent.com/PokeAPI/cries/main/cries/pokemon/latest/55.ogg');
INSERT INTO pokemon_ability (pokemon_id, ability_id) VALUES ('de21941f-401f-4193-ab78-b1f6d3354f08', '380ea097-c3aa-46fe-bd86-867fe9b77c74');
INSERT INTO pokemon_ability (pokemon_id, ability_id) VALUES ('de21941f-401f-4193-ab78-b1f6d3354f08', '17abdeb5-13e9-4a91-84e6-6b17d8582fe6');
INSERT INTO pokemon_ability (pokemon_id, ability_id) VALUES ('de21941f-401f-4193-ab78-b1f6d3354f08', 'c2568bdd-fc55-4255-b6ef-f4adecf15047');
INSERT INTO pokemon_form (pokemon_id, form_id) VALUES ('de21941f-401f-4193-ab78-b1f6d3354f08', '86ad71fa-1cb8-4fe6-87dd-13adcea77314');
INSERT INTO pokemon_move (pokemon_id, move_id) VALUES ('de21941f-401f-4193-ab78-b1f6d3354f08', '8f2e0a15-7a9d-4afb-8eea-16750e9484ed');
INSERT INTO pokemon_move (pokemon_id, move_id) VALUES ('de21941f-401f-4193-ab78-b1f6d3354f08', '095cd81e-83b2-465c-baa0-65a6265d8ad0');
INSERT INTO pokemon_move (pokemon_id, move_id) VALUES ('de21941f-401f-4193-ab78-b1f6d3354f08', 'ba84d053-7a99-4da5-828b-e4ea229e08d3');
INSERT INTO pokemon_move (pokemon_id, move_id) VALUES ('de21941f-401f-4193-ab78-b1f6d3354f08', '9ea828b7-9450-46a7-892f-343f5c97817b');
INSERT INTO pokemon_move (pokemon_id, move_id) VALUES ('de21941f-401f-4193-ab78-b1f6d3354f08', '6b613c64-594e-4df6-a894-86b8e324482c');
INSERT INTO pokemon_type (pokemon_id, type_id) VALUES ('de21941f-401f-4193-ab78-b1f6d3354f08', '5a89bcf3-e914-4174-87a3-c7467757b2d1');
INSERT INTO pokemon (id, original_id, name, height, weight, species, image_url, cry_sound) VALUES ('5383984a-f8dc-493c-8fce-2cecfd7adf78', '56' , 'mankey', 5, 280, 'mankey', 'https://raw.githubusercontent.com/PokeAPI/sprites/master/sprites/pokemon/56.png', 'https://raw.githubusercontent.com/PokeAPI/cries/main/cries/pokemon/latest/56.ogg');
INSERT INTO pokemon_ability (pokemon_id, ability_id) VALUES ('5383984a-f8dc-493c-8fce-2cecfd7adf78', 'fc90b54b-a959-495f-a492-d55562a8b8f7');
INSERT INTO pokemon_ability (pokemon_id, ability_id) VALUES ('5383984a-f8dc-493c-8fce-2cecfd7adf78', 'a419e925-38e1-4af3-8117-812d8ea36ca1');
INSERT INTO pokemon_ability (pokemon_id, ability_id) VALUES ('5383984a-f8dc-493c-8fce-2cecfd7adf78', '29a20975-d8e6-425b-afc0-aa30042e929f');
INSERT INTO pokemon_form (pokemon_id, form_id) VALUES ('5383984a-f8dc-493c-8fce-2cecfd7adf78', 'f9efface-4233-40c1-bc69-7eea81d265c5');
INSERT INTO pokemon_held_item (pokemon_id, held_item_id) VALUES ('5383984a-f8dc-493c-8fce-2cecfd7adf78', 'e5463917-acbe-4c6d-af94-0621e6e8b196');
INSERT INTO pokemon_move (pokemon_id, move_id) VALUES ('5383984a-f8dc-493c-8fce-2cecfd7adf78', 'ceffdfc2-517f-4a34-925c-5236d74b7217');
INSERT INTO pokemon_move (pokemon_id, move_id) VALUES ('5383984a-f8dc-493c-8fce-2cecfd7adf78', '8f2e0a15-7a9d-4afb-8eea-16750e9484ed');
INSERT INTO pokemon_move (pokemon_id, move_id) VALUES ('5383984a-f8dc-493c-8fce-2cecfd7adf78', '095cd81e-83b2-465c-baa0-65a6265d8ad0');
INSERT INTO pokemon_move (pokemon_id, move_id) VALUES ('5383984a-f8dc-493c-8fce-2cecfd7adf78', '0614a7ba-df34-4fea-8467-0b6eece4fb9f');
INSERT INTO pokemon_move (pokemon_id, move_id) VALUES ('5383984a-f8dc-493c-8fce-2cecfd7adf78', 'ba84d053-7a99-4da5-828b-e4ea229e08d3');
INSERT INTO pokemon_type (pokemon_id, type_id) VALUES ('5383984a-f8dc-493c-8fce-2cecfd7adf78', '746edace-0d17-49e7-82a1-125f7921c94d');
INSERT INTO pokemon (id, original_id, name, height, weight, species, image_url, cry_sound) VALUES ('70bf151b-d489-43d7-88b7-3bd954fd0936', '57' , 'primeape', 10, 320, 'primeape', 'https://raw.githubusercontent.com/PokeAPI/sprites/master/sprites/pokemon/57.png', 'https://raw.githubusercontent.com/PokeAPI/cries/main/cries/pokemon/latest/57.ogg');
INSERT INTO pokemon_ability (pokemon_id, ability_id) VALUES ('70bf151b-d489-43d7-88b7-3bd954fd0936', 'fc90b54b-a959-495f-a492-d55562a8b8f7');
INSERT INTO pokemon_ability (pokemon_id, ability_id) VALUES ('70bf151b-d489-43d7-88b7-3bd954fd0936', 'a419e925-38e1-4af3-8117-812d8ea36ca1');
INSERT INTO pokemon_ability (pokemon_id, ability_id) VALUES ('70bf151b-d489-43d7-88b7-3bd954fd0936', '29a20975-d8e6-425b-afc0-aa30042e929f');
INSERT INTO pokemon_form (pokemon_id, form_id) VALUES ('70bf151b-d489-43d7-88b7-3bd954fd0936', 'df9ac460-0b83-423e-a086-64c2f553cbdd');
INSERT INTO pokemon_held_item (pokemon_id, held_item_id) VALUES ('70bf151b-d489-43d7-88b7-3bd954fd0936', 'e5463917-acbe-4c6d-af94-0621e6e8b196');
INSERT INTO pokemon_move (pokemon_id, move_id) VALUES ('70bf151b-d489-43d7-88b7-3bd954fd0936', 'ceffdfc2-517f-4a34-925c-5236d74b7217');
INSERT INTO pokemon_move (pokemon_id, move_id) VALUES ('70bf151b-d489-43d7-88b7-3bd954fd0936', '8f2e0a15-7a9d-4afb-8eea-16750e9484ed');
INSERT INTO pokemon_move (pokemon_id, move_id) VALUES ('70bf151b-d489-43d7-88b7-3bd954fd0936', '095cd81e-83b2-465c-baa0-65a6265d8ad0');
INSERT INTO pokemon_move (pokemon_id, move_id) VALUES ('70bf151b-d489-43d7-88b7-3bd954fd0936', '0614a7ba-df34-4fea-8467-0b6eece4fb9f');
INSERT INTO pokemon_move (pokemon_id, move_id) VALUES ('70bf151b-d489-43d7-88b7-3bd954fd0936', 'ba84d053-7a99-4da5-828b-e4ea229e08d3');
INSERT INTO pokemon_type (pokemon_id, type_id) VALUES ('70bf151b-d489-43d7-88b7-3bd954fd0936', '746edace-0d17-49e7-82a1-125f7921c94d');
INSERT INTO pokemon (id, original_id, name, height, weight, species, image_url, cry_sound) VALUES ('214b5594-e4f6-425e-99bd-0a3371ea2514', '58' , 'growlithe', 7, 190, 'growlithe', 'https://raw.githubusercontent.com/PokeAPI/sprites/master/sprites/pokemon/58.png', 'https://raw.githubusercontent.com/PokeAPI/cries/main/cries/pokemon/latest/58.ogg');
INSERT INTO pokemon_ability (pokemon_id, ability_id) VALUES ('214b5594-e4f6-425e-99bd-0a3371ea2514', '8d682dfd-3003-4e9a-9780-f8db8ab9c152');
INSERT INTO pokemon_ability (pokemon_id, ability_id) VALUES ('214b5594-e4f6-425e-99bd-0a3371ea2514', '2f5187fe-a408-4222-8e89-0c4a82a4f14e');
INSERT INTO pokemon_ability (pokemon_id, ability_id) VALUES ('214b5594-e4f6-425e-99bd-0a3371ea2514', 'a8621c04-42f1-4a69-92bd-d454436cf0af');
INSERT INTO pokemon_form (pokemon_id, form_id) VALUES ('214b5594-e4f6-425e-99bd-0a3371ea2514', 'da63074b-6a1c-4db6-bd04-c078db63fbc4');
INSERT INTO pokemon_held_item (pokemon_id, held_item_id) VALUES ('214b5594-e4f6-425e-99bd-0a3371ea2514', '8acf8f2c-a48f-48c3-9612-57d0e333ce5c');
INSERT INTO pokemon_move (pokemon_id, move_id) VALUES ('214b5594-e4f6-425e-99bd-0a3371ea2514', '5e08941c-7c0f-4948-84c0-93429d7fd1b2');
INSERT INTO pokemon_move (pokemon_id, move_id) VALUES ('214b5594-e4f6-425e-99bd-0a3371ea2514', 'aea68489-64e1-4505-9fc3-ba736f40a73f');
INSERT INTO pokemon_move (pokemon_id, move_id) VALUES ('214b5594-e4f6-425e-99bd-0a3371ea2514', 'cd9c0412-b0d0-470f-bda9-b344803b2323');
INSERT INTO pokemon_move (pokemon_id, move_id) VALUES ('214b5594-e4f6-425e-99bd-0a3371ea2514', '3df4a465-c9e3-4da8-a582-50747f45c60e');
INSERT INTO pokemon_move (pokemon_id, move_id) VALUES ('214b5594-e4f6-425e-99bd-0a3371ea2514', 'f0b627a4-7441-415f-a9e4-c665dd3e6492');
INSERT INTO pokemon_type (pokemon_id, type_id) VALUES ('214b5594-e4f6-425e-99bd-0a3371ea2514', '65345a32-8c9f-40a0-9113-2144d1fbfb64');
INSERT INTO pokemon (id, original_id, name, height, weight, species, image_url, cry_sound) VALUES ('6a703e98-198e-4483-91af-59fc4c397218', '59' , 'arcanine', 19, 1550, 'arcanine', 'https://raw.githubusercontent.com/PokeAPI/sprites/master/sprites/pokemon/59.png', 'https://raw.githubusercontent.com/PokeAPI/cries/main/cries/pokemon/latest/59.ogg');
INSERT INTO pokemon_ability (pokemon_id, ability_id) VALUES ('6a703e98-198e-4483-91af-59fc4c397218', '8d682dfd-3003-4e9a-9780-f8db8ab9c152');
INSERT INTO pokemon_ability (pokemon_id, ability_id) VALUES ('6a703e98-198e-4483-91af-59fc4c397218', '2f5187fe-a408-4222-8e89-0c4a82a4f14e');
INSERT INTO pokemon_ability (pokemon_id, ability_id) VALUES ('6a703e98-198e-4483-91af-59fc4c397218', 'a8621c04-42f1-4a69-92bd-d454436cf0af');
INSERT INTO pokemon_form (pokemon_id, form_id) VALUES ('6a703e98-198e-4483-91af-59fc4c397218', '2a9bb2e6-c574-4698-b768-c6e820c8d174');
INSERT INTO pokemon_held_item (pokemon_id, held_item_id) VALUES ('6a703e98-198e-4483-91af-59fc4c397218', '8acf8f2c-a48f-48c3-9612-57d0e333ce5c');
INSERT INTO pokemon_move (pokemon_id, move_id) VALUES ('6a703e98-198e-4483-91af-59fc4c397218', 'aea68489-64e1-4505-9fc3-ba736f40a73f');
INSERT INTO pokemon_move (pokemon_id, move_id) VALUES ('6a703e98-198e-4483-91af-59fc4c397218', 'cd9c0412-b0d0-470f-bda9-b344803b2323');
INSERT INTO pokemon_move (pokemon_id, move_id) VALUES ('6a703e98-198e-4483-91af-59fc4c397218', '3df4a465-c9e3-4da8-a582-50747f45c60e');
INSERT INTO pokemon_move (pokemon_id, move_id) VALUES ('6a703e98-198e-4483-91af-59fc4c397218', '6b47ed03-541e-4f2c-b732-068173acf850');
INSERT INTO pokemon_move (pokemon_id, move_id) VALUES ('6a703e98-198e-4483-91af-59fc4c397218', '4e9dab72-8687-4687-95fa-68fedc6a57d2');
INSERT INTO pokemon_type (pokemon_id, type_id) VALUES ('6a703e98-198e-4483-91af-59fc4c397218', '65345a32-8c9f-40a0-9113-2144d1fbfb64');
INSERT INTO pokemon (id, original_id, name, height, weight, species, image_url, cry_sound) VALUES ('c09bb1d0-da94-4a89-b827-572033ebcaba', '60' , 'poliwag', 6, 124, 'poliwag', 'https://raw.githubusercontent.com/PokeAPI/sprites/master/sprites/pokemon/60.png', 'https://raw.githubusercontent.com/PokeAPI/cries/main/cries/pokemon/latest/60.ogg');
INSERT INTO pokemon_ability (pokemon_id, ability_id) VALUES ('c09bb1d0-da94-4a89-b827-572033ebcaba', '314fee94-176b-40ed-b96b-60c867d19ee7');
INSERT INTO pokemon_ability (pokemon_id, ability_id) VALUES ('c09bb1d0-da94-4a89-b827-572033ebcaba', '380ea097-c3aa-46fe-bd86-867fe9b77c74');
INSERT INTO pokemon_ability (pokemon_id, ability_id) VALUES ('c09bb1d0-da94-4a89-b827-572033ebcaba', 'c2568bdd-fc55-4255-b6ef-f4adecf15047');
INSERT INTO pokemon_form (pokemon_id, form_id) VALUES ('c09bb1d0-da94-4a89-b827-572033ebcaba', 'fd9424cc-959b-44f8-ab68-15ea3dd01abb');
INSERT INTO pokemon_move (pokemon_id, move_id) VALUES ('c09bb1d0-da94-4a89-b827-572033ebcaba', '1c8cdd5c-2d2b-4371-9ca7-aaed87b0df01');
INSERT INTO pokemon_move (pokemon_id, move_id) VALUES ('c09bb1d0-da94-4a89-b827-572033ebcaba', '176d768d-7153-4a34-9032-8a0b314c2bef');
INSERT INTO pokemon_move (pokemon_id, move_id) VALUES ('c09bb1d0-da94-4a89-b827-572033ebcaba', 'aea68489-64e1-4505-9fc3-ba736f40a73f');
INSERT INTO pokemon_move (pokemon_id, move_id) VALUES ('c09bb1d0-da94-4a89-b827-572033ebcaba', 'cd9c0412-b0d0-470f-bda9-b344803b2323');
INSERT INTO pokemon_move (pokemon_id, move_id) VALUES ('c09bb1d0-da94-4a89-b827-572033ebcaba', '3df4a465-c9e3-4da8-a582-50747f45c60e');
INSERT INTO pokemon_type (pokemon_id, type_id) VALUES ('c09bb1d0-da94-4a89-b827-572033ebcaba', '5a89bcf3-e914-4174-87a3-c7467757b2d1');
INSERT INTO pokemon (id, original_id, name, height, weight, species, image_url, cry_sound) VALUES ('42986c4a-0bab-42d9-a5ff-067113c1bf0e', '61' , 'poliwhirl', 10, 200, 'poliwhirl', 'https://raw.githubusercontent.com/PokeAPI/sprites/master/sprites/pokemon/61.png', 'https://raw.githubusercontent.com/PokeAPI/cries/main/cries/pokemon/latest/61.ogg');
INSERT INTO pokemon_ability (pokemon_id, ability_id) VALUES ('42986c4a-0bab-42d9-a5ff-067113c1bf0e', '314fee94-176b-40ed-b96b-60c867d19ee7');
INSERT INTO pokemon_ability (pokemon_id, ability_id) VALUES ('42986c4a-0bab-42d9-a5ff-067113c1bf0e', '380ea097-c3aa-46fe-bd86-867fe9b77c74');
INSERT INTO pokemon_ability (pokemon_id, ability_id) VALUES ('42986c4a-0bab-42d9-a5ff-067113c1bf0e', 'c2568bdd-fc55-4255-b6ef-f4adecf15047');
INSERT INTO pokemon_form (pokemon_id, form_id) VALUES ('42986c4a-0bab-42d9-a5ff-067113c1bf0e', '3afa1fc7-121a-471f-ad2e-d7c68ea57015');
INSERT INTO pokemon_held_item (pokemon_id, held_item_id) VALUES ('42986c4a-0bab-42d9-a5ff-067113c1bf0e', '3c7a27df-ab72-423b-8c02-033931d2b816');
INSERT INTO pokemon_move (pokemon_id, move_id) VALUES ('42986c4a-0bab-42d9-a5ff-067113c1bf0e', '1c8cdd5c-2d2b-4371-9ca7-aaed87b0df01');
INSERT INTO pokemon_move (pokemon_id, move_id) VALUES ('42986c4a-0bab-42d9-a5ff-067113c1bf0e', '176d768d-7153-4a34-9032-8a0b314c2bef');
INSERT INTO pokemon_move (pokemon_id, move_id) VALUES ('42986c4a-0bab-42d9-a5ff-067113c1bf0e', '8f2e0a15-7a9d-4afb-8eea-16750e9484ed');
INSERT INTO pokemon_move (pokemon_id, move_id) VALUES ('42986c4a-0bab-42d9-a5ff-067113c1bf0e', 'ba84d053-7a99-4da5-828b-e4ea229e08d3');
INSERT INTO pokemon_move (pokemon_id, move_id) VALUES ('42986c4a-0bab-42d9-a5ff-067113c1bf0e', '6b613c64-594e-4df6-a894-86b8e324482c');
INSERT INTO pokemon_type (pokemon_id, type_id) VALUES ('42986c4a-0bab-42d9-a5ff-067113c1bf0e', '5a89bcf3-e914-4174-87a3-c7467757b2d1');
INSERT INTO pokemon (id, original_id, name, height, weight, species, image_url, cry_sound) VALUES ('8b304ca7-3e68-45d6-a469-227fd460eb85', '62' , 'poliwrath', 13, 540, 'poliwrath', 'https://raw.githubusercontent.com/PokeAPI/sprites/master/sprites/pokemon/62.png', 'https://raw.githubusercontent.com/PokeAPI/cries/main/cries/pokemon/latest/62.ogg');
INSERT INTO pokemon_ability (pokemon_id, ability_id) VALUES ('8b304ca7-3e68-45d6-a469-227fd460eb85', '314fee94-176b-40ed-b96b-60c867d19ee7');
INSERT INTO pokemon_ability (pokemon_id, ability_id) VALUES ('8b304ca7-3e68-45d6-a469-227fd460eb85', '380ea097-c3aa-46fe-bd86-867fe9b77c74');
INSERT INTO pokemon_ability (pokemon_id, ability_id) VALUES ('8b304ca7-3e68-45d6-a469-227fd460eb85', 'c2568bdd-fc55-4255-b6ef-f4adecf15047');
INSERT INTO pokemon_form (pokemon_id, form_id) VALUES ('8b304ca7-3e68-45d6-a469-227fd460eb85', 'cca325f3-3ab7-47a8-b2fa-2a5efa68bde3');
INSERT INTO pokemon_held_item (pokemon_id, held_item_id) VALUES ('8b304ca7-3e68-45d6-a469-227fd460eb85', '3c7a27df-ab72-423b-8c02-033931d2b816');
INSERT INTO pokemon_move (pokemon_id, move_id) VALUES ('8b304ca7-3e68-45d6-a469-227fd460eb85', '1c8cdd5c-2d2b-4371-9ca7-aaed87b0df01');
INSERT INTO pokemon_move (pokemon_id, move_id) VALUES ('8b304ca7-3e68-45d6-a469-227fd460eb85', '176d768d-7153-4a34-9032-8a0b314c2bef');
INSERT INTO pokemon_move (pokemon_id, move_id) VALUES ('8b304ca7-3e68-45d6-a469-227fd460eb85', '8f2e0a15-7a9d-4afb-8eea-16750e9484ed');
INSERT INTO pokemon_move (pokemon_id, move_id) VALUES ('8b304ca7-3e68-45d6-a469-227fd460eb85', 'ba84d053-7a99-4da5-828b-e4ea229e08d3');
INSERT INTO pokemon_move (pokemon_id, move_id) VALUES ('8b304ca7-3e68-45d6-a469-227fd460eb85', '6b613c64-594e-4df6-a894-86b8e324482c');
INSERT INTO pokemon_type (pokemon_id, type_id) VALUES ('8b304ca7-3e68-45d6-a469-227fd460eb85', '5a89bcf3-e914-4174-87a3-c7467757b2d1');
INSERT INTO pokemon_type (pokemon_id, type_id) VALUES ('8b304ca7-3e68-45d6-a469-227fd460eb85', '746edace-0d17-49e7-82a1-125f7921c94d');
INSERT INTO pokemon (id, original_id, name, height, weight, species, image_url, cry_sound) VALUES ('8108a14c-c24a-4c50-a90e-4661f967214c', '63' , 'abra', 9, 195, 'abra', 'https://raw.githubusercontent.com/PokeAPI/sprites/master/sprites/pokemon/63.png', 'https://raw.githubusercontent.com/PokeAPI/cries/main/cries/pokemon/latest/63.ogg');
INSERT INTO pokemon_ability (pokemon_id, ability_id) VALUES ('8108a14c-c24a-4c50-a90e-4661f967214c', '775078f4-53af-4721-88be-7a3f3b04ec55');
INSERT INTO pokemon_ability (pokemon_id, ability_id) VALUES ('8108a14c-c24a-4c50-a90e-4661f967214c', 'f73d0d2b-85e8-454e-80ea-80be432de13e');
INSERT INTO pokemon_ability (pokemon_id, ability_id) VALUES ('8108a14c-c24a-4c50-a90e-4661f967214c', 'dfdc9310-d2b6-4ed4-a4d5-c590fc51a5e6');
INSERT INTO pokemon_form (pokemon_id, form_id) VALUES ('8108a14c-c24a-4c50-a90e-4661f967214c', '6cc64fab-9f63-43b2-a55d-d458f7fe671e');
INSERT INTO pokemon_held_item (pokemon_id, held_item_id) VALUES ('8108a14c-c24a-4c50-a90e-4661f967214c', '95792470-099b-4c5a-98c6-b1c5bc3b523c');
INSERT INTO pokemon_move (pokemon_id, move_id) VALUES ('8108a14c-c24a-4c50-a90e-4661f967214c', '8f2e0a15-7a9d-4afb-8eea-16750e9484ed');
INSERT INTO pokemon_move (pokemon_id, move_id) VALUES ('8108a14c-c24a-4c50-a90e-4661f967214c', '0614a7ba-df34-4fea-8467-0b6eece4fb9f');
INSERT INTO pokemon_move (pokemon_id, move_id) VALUES ('8108a14c-c24a-4c50-a90e-4661f967214c', 'ba84d053-7a99-4da5-828b-e4ea229e08d3');
INSERT INTO pokemon_move (pokemon_id, move_id) VALUES ('8108a14c-c24a-4c50-a90e-4661f967214c', '8408b44b-a75a-489b-b509-1be599ff37b2');
INSERT INTO pokemon_move (pokemon_id, move_id) VALUES ('8108a14c-c24a-4c50-a90e-4661f967214c', '6b613c64-594e-4df6-a894-86b8e324482c');
INSERT INTO pokemon_type (pokemon_id, type_id) VALUES ('8108a14c-c24a-4c50-a90e-4661f967214c', '5b2cfdda-d877-4696-a8b2-0cf14ae6d0f7');
INSERT INTO pokemon (id, original_id, name, height, weight, species, image_url, cry_sound) VALUES ('a85a4f8f-80d7-4140-8115-ca99c6aab06c', '64' , 'kadabra', 13, 565, 'kadabra', 'https://raw.githubusercontent.com/PokeAPI/sprites/master/sprites/pokemon/64.png', 'https://raw.githubusercontent.com/PokeAPI/cries/main/cries/pokemon/latest/64.ogg');
INSERT INTO pokemon_ability (pokemon_id, ability_id) VALUES ('a85a4f8f-80d7-4140-8115-ca99c6aab06c', '775078f4-53af-4721-88be-7a3f3b04ec55');
INSERT INTO pokemon_ability (pokemon_id, ability_id) VALUES ('a85a4f8f-80d7-4140-8115-ca99c6aab06c', 'f73d0d2b-85e8-454e-80ea-80be432de13e');
INSERT INTO pokemon_ability (pokemon_id, ability_id) VALUES ('a85a4f8f-80d7-4140-8115-ca99c6aab06c', 'dfdc9310-d2b6-4ed4-a4d5-c590fc51a5e6');
INSERT INTO pokemon_form (pokemon_id, form_id) VALUES ('a85a4f8f-80d7-4140-8115-ca99c6aab06c', 'bc9953bf-1a6f-42ac-b228-8516de51d484');
INSERT INTO pokemon_held_item (pokemon_id, held_item_id) VALUES ('a85a4f8f-80d7-4140-8115-ca99c6aab06c', '95792470-099b-4c5a-98c6-b1c5bc3b523c');
INSERT INTO pokemon_move (pokemon_id, move_id) VALUES ('a85a4f8f-80d7-4140-8115-ca99c6aab06c', '8f2e0a15-7a9d-4afb-8eea-16750e9484ed');
INSERT INTO pokemon_move (pokemon_id, move_id) VALUES ('a85a4f8f-80d7-4140-8115-ca99c6aab06c', '0614a7ba-df34-4fea-8467-0b6eece4fb9f');
INSERT INTO pokemon_move (pokemon_id, move_id) VALUES ('a85a4f8f-80d7-4140-8115-ca99c6aab06c', 'ba84d053-7a99-4da5-828b-e4ea229e08d3');
INSERT INTO pokemon_move (pokemon_id, move_id) VALUES ('a85a4f8f-80d7-4140-8115-ca99c6aab06c', '8408b44b-a75a-489b-b509-1be599ff37b2');
INSERT INTO pokemon_move (pokemon_id, move_id) VALUES ('a85a4f8f-80d7-4140-8115-ca99c6aab06c', '6b613c64-594e-4df6-a894-86b8e324482c');
INSERT INTO pokemon_type (pokemon_id, type_id) VALUES ('a85a4f8f-80d7-4140-8115-ca99c6aab06c', '5b2cfdda-d877-4696-a8b2-0cf14ae6d0f7');
INSERT INTO pokemon (id, original_id, name, height, weight, species, image_url, cry_sound) VALUES ('ae98ddcb-e134-4ac5-a030-c8f73b0c4e71', '65' , 'alakazam', 15, 480, 'alakazam', 'https://raw.githubusercontent.com/PokeAPI/sprites/master/sprites/pokemon/65.png', 'https://raw.githubusercontent.com/PokeAPI/cries/main/cries/pokemon/latest/65.ogg');
INSERT INTO pokemon_ability (pokemon_id, ability_id) VALUES ('ae98ddcb-e134-4ac5-a030-c8f73b0c4e71', '775078f4-53af-4721-88be-7a3f3b04ec55');
INSERT INTO pokemon_ability (pokemon_id, ability_id) VALUES ('ae98ddcb-e134-4ac5-a030-c8f73b0c4e71', 'f73d0d2b-85e8-454e-80ea-80be432de13e');
INSERT INTO pokemon_ability (pokemon_id, ability_id) VALUES ('ae98ddcb-e134-4ac5-a030-c8f73b0c4e71', 'dfdc9310-d2b6-4ed4-a4d5-c590fc51a5e6');
INSERT INTO pokemon_form (pokemon_id, form_id) VALUES ('ae98ddcb-e134-4ac5-a030-c8f73b0c4e71', '80655030-d13c-4389-a7ff-652caaa1c5e3');
INSERT INTO pokemon_held_item (pokemon_id, held_item_id) VALUES ('ae98ddcb-e134-4ac5-a030-c8f73b0c4e71', '95792470-099b-4c5a-98c6-b1c5bc3b523c');
INSERT INTO pokemon_move (pokemon_id, move_id) VALUES ('ae98ddcb-e134-4ac5-a030-c8f73b0c4e71', '8f2e0a15-7a9d-4afb-8eea-16750e9484ed');
INSERT INTO pokemon_move (pokemon_id, move_id) VALUES ('ae98ddcb-e134-4ac5-a030-c8f73b0c4e71', '0614a7ba-df34-4fea-8467-0b6eece4fb9f');
INSERT INTO pokemon_move (pokemon_id, move_id) VALUES ('ae98ddcb-e134-4ac5-a030-c8f73b0c4e71', 'ba84d053-7a99-4da5-828b-e4ea229e08d3');
INSERT INTO pokemon_move (pokemon_id, move_id) VALUES ('ae98ddcb-e134-4ac5-a030-c8f73b0c4e71', '8408b44b-a75a-489b-b509-1be599ff37b2');
INSERT INTO pokemon_move (pokemon_id, move_id) VALUES ('ae98ddcb-e134-4ac5-a030-c8f73b0c4e71', '6b613c64-594e-4df6-a894-86b8e324482c');
INSERT INTO pokemon_type (pokemon_id, type_id) VALUES ('ae98ddcb-e134-4ac5-a030-c8f73b0c4e71', '5b2cfdda-d877-4696-a8b2-0cf14ae6d0f7');
INSERT INTO pokemon (id, original_id, name, height, weight, species, image_url, cry_sound) VALUES ('8a54240b-452c-4b12-80dd-ba3e8403bd3f', '66' , 'machop', 8, 195, 'machop', 'https://raw.githubusercontent.com/PokeAPI/sprites/master/sprites/pokemon/66.png', 'https://raw.githubusercontent.com/PokeAPI/cries/main/cries/pokemon/latest/66.ogg');
INSERT INTO pokemon_ability (pokemon_id, ability_id) VALUES ('8a54240b-452c-4b12-80dd-ba3e8403bd3f', '14f09f0d-42fa-47e2-8468-ff657dcc37d7');
INSERT INTO pokemon_ability (pokemon_id, ability_id) VALUES ('8a54240b-452c-4b12-80dd-ba3e8403bd3f', '47bcbd8c-455b-47d8-8411-d560e4c3eec5');
INSERT INTO pokemon_ability (pokemon_id, ability_id) VALUES ('8a54240b-452c-4b12-80dd-ba3e8403bd3f', '6660a83d-56c0-4696-a3bc-d26166754452');
INSERT INTO pokemon_form (pokemon_id, form_id) VALUES ('8a54240b-452c-4b12-80dd-ba3e8403bd3f', '88f54920-7fbd-462a-88ce-476254302029');
INSERT INTO pokemon_held_item (pokemon_id, held_item_id) VALUES ('8a54240b-452c-4b12-80dd-ba3e8403bd3f', '9c434a69-5838-4650-a8ff-f888c3658d6c');
INSERT INTO pokemon_move (pokemon_id, move_id) VALUES ('8a54240b-452c-4b12-80dd-ba3e8403bd3f', 'ceffdfc2-517f-4a34-925c-5236d74b7217');
INSERT INTO pokemon_move (pokemon_id, move_id) VALUES ('8a54240b-452c-4b12-80dd-ba3e8403bd3f', '8f2e0a15-7a9d-4afb-8eea-16750e9484ed');
INSERT INTO pokemon_move (pokemon_id, move_id) VALUES ('8a54240b-452c-4b12-80dd-ba3e8403bd3f', '0614a7ba-df34-4fea-8467-0b6eece4fb9f');
INSERT INTO pokemon_move (pokemon_id, move_id) VALUES ('8a54240b-452c-4b12-80dd-ba3e8403bd3f', 'ba84d053-7a99-4da5-828b-e4ea229e08d3');
INSERT INTO pokemon_move (pokemon_id, move_id) VALUES ('8a54240b-452c-4b12-80dd-ba3e8403bd3f', '8408b44b-a75a-489b-b509-1be599ff37b2');
INSERT INTO pokemon_type (pokemon_id, type_id) VALUES ('8a54240b-452c-4b12-80dd-ba3e8403bd3f', '746edace-0d17-49e7-82a1-125f7921c94d');
INSERT INTO pokemon (id, original_id, name, height, weight, species, image_url, cry_sound) VALUES ('4ff6e59e-5b39-490f-91bd-693a64a27119', '67' , 'machoke', 15, 705, 'machoke', 'https://raw.githubusercontent.com/PokeAPI/sprites/master/sprites/pokemon/67.png', 'https://raw.githubusercontent.com/PokeAPI/cries/main/cries/pokemon/latest/67.ogg');
INSERT INTO pokemon_ability (pokemon_id, ability_id) VALUES ('4ff6e59e-5b39-490f-91bd-693a64a27119', '14f09f0d-42fa-47e2-8468-ff657dcc37d7');
INSERT INTO pokemon_ability (pokemon_id, ability_id) VALUES ('4ff6e59e-5b39-490f-91bd-693a64a27119', '47bcbd8c-455b-47d8-8411-d560e4c3eec5');
INSERT INTO pokemon_ability (pokemon_id, ability_id) VALUES ('4ff6e59e-5b39-490f-91bd-693a64a27119', '6660a83d-56c0-4696-a3bc-d26166754452');
INSERT INTO pokemon_form (pokemon_id, form_id) VALUES ('4ff6e59e-5b39-490f-91bd-693a64a27119', '591f4ee0-4b44-4176-828a-13b3bcad8a7d');
INSERT INTO pokemon_held_item (pokemon_id, held_item_id) VALUES ('4ff6e59e-5b39-490f-91bd-693a64a27119', '9c434a69-5838-4650-a8ff-f888c3658d6c');
INSERT INTO pokemon_move (pokemon_id, move_id) VALUES ('4ff6e59e-5b39-490f-91bd-693a64a27119', 'ceffdfc2-517f-4a34-925c-5236d74b7217');
INSERT INTO pokemon_move (pokemon_id, move_id) VALUES ('4ff6e59e-5b39-490f-91bd-693a64a27119', '8f2e0a15-7a9d-4afb-8eea-16750e9484ed');
INSERT INTO pokemon_move (pokemon_id, move_id) VALUES ('4ff6e59e-5b39-490f-91bd-693a64a27119', '0614a7ba-df34-4fea-8467-0b6eece4fb9f');
INSERT INTO pokemon_move (pokemon_id, move_id) VALUES ('4ff6e59e-5b39-490f-91bd-693a64a27119', 'ba84d053-7a99-4da5-828b-e4ea229e08d3');
INSERT INTO pokemon_move (pokemon_id, move_id) VALUES ('4ff6e59e-5b39-490f-91bd-693a64a27119', '8408b44b-a75a-489b-b509-1be599ff37b2');
INSERT INTO pokemon_type (pokemon_id, type_id) VALUES ('4ff6e59e-5b39-490f-91bd-693a64a27119', '746edace-0d17-49e7-82a1-125f7921c94d');
INSERT INTO pokemon (id, original_id, name, height, weight, species, image_url, cry_sound) VALUES ('c6547d11-cb39-436c-9f5b-dbf5ee7d96b4', '68' , 'machamp', 16, 1300, 'machamp', 'https://raw.githubusercontent.com/PokeAPI/sprites/master/sprites/pokemon/68.png', 'https://raw.githubusercontent.com/PokeAPI/cries/main/cries/pokemon/latest/68.ogg');
INSERT INTO pokemon_ability (pokemon_id, ability_id) VALUES ('c6547d11-cb39-436c-9f5b-dbf5ee7d96b4', '14f09f0d-42fa-47e2-8468-ff657dcc37d7');
INSERT INTO pokemon_ability (pokemon_id, ability_id) VALUES ('c6547d11-cb39-436c-9f5b-dbf5ee7d96b4', '47bcbd8c-455b-47d8-8411-d560e4c3eec5');
INSERT INTO pokemon_ability (pokemon_id, ability_id) VALUES ('c6547d11-cb39-436c-9f5b-dbf5ee7d96b4', '6660a83d-56c0-4696-a3bc-d26166754452');
INSERT INTO pokemon_form (pokemon_id, form_id) VALUES ('c6547d11-cb39-436c-9f5b-dbf5ee7d96b4', 'e2203123-8df8-4c79-ad8a-bf7a5b0482bf');
INSERT INTO pokemon_held_item (pokemon_id, held_item_id) VALUES ('c6547d11-cb39-436c-9f5b-dbf5ee7d96b4', '9c434a69-5838-4650-a8ff-f888c3658d6c');
INSERT INTO pokemon_move (pokemon_id, move_id) VALUES ('c6547d11-cb39-436c-9f5b-dbf5ee7d96b4', 'ceffdfc2-517f-4a34-925c-5236d74b7217');
INSERT INTO pokemon_move (pokemon_id, move_id) VALUES ('c6547d11-cb39-436c-9f5b-dbf5ee7d96b4', '8f2e0a15-7a9d-4afb-8eea-16750e9484ed');
INSERT INTO pokemon_move (pokemon_id, move_id) VALUES ('c6547d11-cb39-436c-9f5b-dbf5ee7d96b4', '0614a7ba-df34-4fea-8467-0b6eece4fb9f');
INSERT INTO pokemon_move (pokemon_id, move_id) VALUES ('c6547d11-cb39-436c-9f5b-dbf5ee7d96b4', 'ba84d053-7a99-4da5-828b-e4ea229e08d3');
INSERT INTO pokemon_move (pokemon_id, move_id) VALUES ('c6547d11-cb39-436c-9f5b-dbf5ee7d96b4', '8408b44b-a75a-489b-b509-1be599ff37b2');
INSERT INTO pokemon_type (pokemon_id, type_id) VALUES ('c6547d11-cb39-436c-9f5b-dbf5ee7d96b4', '746edace-0d17-49e7-82a1-125f7921c94d');
INSERT INTO pokemon (id, original_id, name, height, weight, species, image_url, cry_sound) VALUES ('a86e513a-4352-4187-9c3e-fb90bf5d80f6', '69' , 'bellsprout', 7, 40, 'bellsprout', 'https://raw.githubusercontent.com/PokeAPI/sprites/master/sprites/pokemon/69.png', 'https://raw.githubusercontent.com/PokeAPI/cries/main/cries/pokemon/latest/69.ogg');
INSERT INTO pokemon_ability (pokemon_id, ability_id) VALUES ('a86e513a-4352-4187-9c3e-fb90bf5d80f6', '6fa758b7-dfff-4a35-bb8f-41c5acb955c1');
INSERT INTO pokemon_ability (pokemon_id, ability_id) VALUES ('a86e513a-4352-4187-9c3e-fb90bf5d80f6', '1bb632fd-b13a-4743-a10c-f94e752610d5');
INSERT INTO pokemon_form (pokemon_id, form_id) VALUES ('a86e513a-4352-4187-9c3e-fb90bf5d80f6', '4919fd69-5348-4710-8817-9e4d89a4135e');
INSERT INTO pokemon_move (pokemon_id, move_id) VALUES ('a86e513a-4352-4187-9c3e-fb90bf5d80f6', 'dd7c1592-f25c-4be0-b891-f718a79b3bc7');
INSERT INTO pokemon_move (pokemon_id, move_id) VALUES ('a86e513a-4352-4187-9c3e-fb90bf5d80f6', '8e4532e2-402b-4c35-b3e2-b8df45f33558');
INSERT INTO pokemon_move (pokemon_id, move_id) VALUES ('a86e513a-4352-4187-9c3e-fb90bf5d80f6', 'b786bd6c-4919-4c3a-9e2e-91e95be25d28');
INSERT INTO pokemon_move (pokemon_id, move_id) VALUES ('a86e513a-4352-4187-9c3e-fb90bf5d80f6', '8c2aeeb2-d701-462d-8186-18e22c76ed80');
INSERT INTO pokemon_move (pokemon_id, move_id) VALUES ('a86e513a-4352-4187-9c3e-fb90bf5d80f6', '59491845-269b-4f24-8dd8-eb854cd8c060');
INSERT INTO pokemon_type (pokemon_id, type_id) VALUES ('a86e513a-4352-4187-9c3e-fb90bf5d80f6', '7557f983-c34a-47ba-b3e8-cdc6c1fd7e97');
INSERT INTO pokemon_type (pokemon_id, type_id) VALUES ('a86e513a-4352-4187-9c3e-fb90bf5d80f6', '3246137a-3c1a-4c22-a4d2-07d260a3c939');
INSERT INTO pokemon (id, original_id, name, height, weight, species, image_url, cry_sound) VALUES ('d942dd06-3fdb-432b-a86e-c57489a0b345', '70' , 'weepinbell', 10, 64, 'weepinbell', 'https://raw.githubusercontent.com/PokeAPI/sprites/master/sprites/pokemon/70.png', 'https://raw.githubusercontent.com/PokeAPI/cries/main/cries/pokemon/latest/70.ogg');
INSERT INTO pokemon_ability (pokemon_id, ability_id) VALUES ('d942dd06-3fdb-432b-a86e-c57489a0b345', '6fa758b7-dfff-4a35-bb8f-41c5acb955c1');
INSERT INTO pokemon_ability (pokemon_id, ability_id) VALUES ('d942dd06-3fdb-432b-a86e-c57489a0b345', '1bb632fd-b13a-4743-a10c-f94e752610d5');
INSERT INTO pokemon_form (pokemon_id, form_id) VALUES ('d942dd06-3fdb-432b-a86e-c57489a0b345', 'c73b3745-d5d6-4774-bd08-64a69be105a4');
INSERT INTO pokemon_move (pokemon_id, move_id) VALUES ('d942dd06-3fdb-432b-a86e-c57489a0b345', 'dd7c1592-f25c-4be0-b891-f718a79b3bc7');
INSERT INTO pokemon_move (pokemon_id, move_id) VALUES ('d942dd06-3fdb-432b-a86e-c57489a0b345', '8e4532e2-402b-4c35-b3e2-b8df45f33558');
INSERT INTO pokemon_move (pokemon_id, move_id) VALUES ('d942dd06-3fdb-432b-a86e-c57489a0b345', 'b786bd6c-4919-4c3a-9e2e-91e95be25d28');
INSERT INTO pokemon_move (pokemon_id, move_id) VALUES ('d942dd06-3fdb-432b-a86e-c57489a0b345', '8c2aeeb2-d701-462d-8186-18e22c76ed80');
INSERT INTO pokemon_move (pokemon_id, move_id) VALUES ('d942dd06-3fdb-432b-a86e-c57489a0b345', '59491845-269b-4f24-8dd8-eb854cd8c060');
INSERT INTO pokemon_type (pokemon_id, type_id) VALUES ('d942dd06-3fdb-432b-a86e-c57489a0b345', '7557f983-c34a-47ba-b3e8-cdc6c1fd7e97');
INSERT INTO pokemon_type (pokemon_id, type_id) VALUES ('d942dd06-3fdb-432b-a86e-c57489a0b345', '3246137a-3c1a-4c22-a4d2-07d260a3c939');
INSERT INTO pokemon (id, original_id, name, height, weight, species, image_url, cry_sound) VALUES ('2abc2f6b-abc5-4ea5-8164-2e6b6baadf74', '71' , 'victreebel', 17, 155, 'victreebel', 'https://raw.githubusercontent.com/PokeAPI/sprites/master/sprites/pokemon/71.png', 'https://raw.githubusercontent.com/PokeAPI/cries/main/cries/pokemon/latest/71.ogg');
INSERT INTO pokemon_ability (pokemon_id, ability_id) VALUES ('2abc2f6b-abc5-4ea5-8164-2e6b6baadf74', '6fa758b7-dfff-4a35-bb8f-41c5acb955c1');
INSERT INTO pokemon_ability (pokemon_id, ability_id) VALUES ('2abc2f6b-abc5-4ea5-8164-2e6b6baadf74', '1bb632fd-b13a-4743-a10c-f94e752610d5');
INSERT INTO pokemon_form (pokemon_id, form_id) VALUES ('2abc2f6b-abc5-4ea5-8164-2e6b6baadf74', '9cd43fc0-8405-4eba-85f2-48ef942423d4');
INSERT INTO pokemon_move (pokemon_id, move_id) VALUES ('2abc2f6b-abc5-4ea5-8164-2e6b6baadf74', 'dd7c1592-f25c-4be0-b891-f718a79b3bc7');
INSERT INTO pokemon_move (pokemon_id, move_id) VALUES ('2abc2f6b-abc5-4ea5-8164-2e6b6baadf74', '8e4532e2-402b-4c35-b3e2-b8df45f33558');
INSERT INTO pokemon_move (pokemon_id, move_id) VALUES ('2abc2f6b-abc5-4ea5-8164-2e6b6baadf74', 'b786bd6c-4919-4c3a-9e2e-91e95be25d28');
INSERT INTO pokemon_move (pokemon_id, move_id) VALUES ('2abc2f6b-abc5-4ea5-8164-2e6b6baadf74', '8c2aeeb2-d701-462d-8186-18e22c76ed80');
INSERT INTO pokemon_move (pokemon_id, move_id) VALUES ('2abc2f6b-abc5-4ea5-8164-2e6b6baadf74', '59491845-269b-4f24-8dd8-eb854cd8c060');
INSERT INTO pokemon_type (pokemon_id, type_id) VALUES ('2abc2f6b-abc5-4ea5-8164-2e6b6baadf74', '7557f983-c34a-47ba-b3e8-cdc6c1fd7e97');
INSERT INTO pokemon_type (pokemon_id, type_id) VALUES ('2abc2f6b-abc5-4ea5-8164-2e6b6baadf74', '3246137a-3c1a-4c22-a4d2-07d260a3c939');
INSERT INTO pokemon (id, original_id, name, height, weight, species, image_url, cry_sound) VALUES ('2a89583d-75d6-4ed2-864a-f67dae090ae8', '72' , 'tentacool', 9, 455, 'tentacool', 'https://raw.githubusercontent.com/PokeAPI/sprites/master/sprites/pokemon/72.png', 'https://raw.githubusercontent.com/PokeAPI/cries/main/cries/pokemon/latest/72.ogg');
INSERT INTO pokemon_ability (pokemon_id, ability_id) VALUES ('2a89583d-75d6-4ed2-864a-f67dae090ae8', '242e232e-9c54-489c-a561-fea78806fda2');
INSERT INTO pokemon_ability (pokemon_id, ability_id) VALUES ('2a89583d-75d6-4ed2-864a-f67dae090ae8', '7cc1039b-ea69-41f8-b730-ed8c4eadd14a');
INSERT INTO pokemon_ability (pokemon_id, ability_id) VALUES ('2a89583d-75d6-4ed2-864a-f67dae090ae8', 'fa901323-d5e3-4d37-9578-c8c75999c29a');
INSERT INTO pokemon_form (pokemon_id, form_id) VALUES ('2a89583d-75d6-4ed2-864a-f67dae090ae8', '5adc135e-ac5e-428e-90c7-186d14850f79');
INSERT INTO pokemon_held_item (pokemon_id, held_item_id) VALUES ('2a89583d-75d6-4ed2-864a-f67dae090ae8', 'ba467a86-ac3f-4e9a-b554-51869c0ab52d');
INSERT INTO pokemon_move (pokemon_id, move_id) VALUES ('2a89583d-75d6-4ed2-864a-f67dae090ae8', 'dd7c1592-f25c-4be0-b891-f718a79b3bc7');
INSERT INTO pokemon_move (pokemon_id, move_id) VALUES ('2a89583d-75d6-4ed2-864a-f67dae090ae8', '8e4532e2-402b-4c35-b3e2-b8df45f33558');
INSERT INTO pokemon_move (pokemon_id, move_id) VALUES ('2a89583d-75d6-4ed2-864a-f67dae090ae8', 'b786bd6c-4919-4c3a-9e2e-91e95be25d28');
INSERT INTO pokemon_move (pokemon_id, move_id) VALUES ('2a89583d-75d6-4ed2-864a-f67dae090ae8', 'aea68489-64e1-4505-9fc3-ba736f40a73f');
INSERT INTO pokemon_move (pokemon_id, move_id) VALUES ('2a89583d-75d6-4ed2-864a-f67dae090ae8', 'b17c89ad-9ba0-424c-bf03-cfc2be11528c');
INSERT INTO pokemon_type (pokemon_id, type_id) VALUES ('2a89583d-75d6-4ed2-864a-f67dae090ae8', '5a89bcf3-e914-4174-87a3-c7467757b2d1');
INSERT INTO pokemon_type (pokemon_id, type_id) VALUES ('2a89583d-75d6-4ed2-864a-f67dae090ae8', '3246137a-3c1a-4c22-a4d2-07d260a3c939');
INSERT INTO pokemon (id, original_id, name, height, weight, species, image_url, cry_sound) VALUES ('757ad9fa-ddcc-4643-932c-9eb027d9e5ca', '73' , 'tentacruel', 16, 550, 'tentacruel', 'https://raw.githubusercontent.com/PokeAPI/sprites/master/sprites/pokemon/73.png', 'https://raw.githubusercontent.com/PokeAPI/cries/main/cries/pokemon/latest/73.ogg');
INSERT INTO pokemon_ability (pokemon_id, ability_id) VALUES ('757ad9fa-ddcc-4643-932c-9eb027d9e5ca', '242e232e-9c54-489c-a561-fea78806fda2');
INSERT INTO pokemon_ability (pokemon_id, ability_id) VALUES ('757ad9fa-ddcc-4643-932c-9eb027d9e5ca', '7cc1039b-ea69-41f8-b730-ed8c4eadd14a');
INSERT INTO pokemon_ability (pokemon_id, ability_id) VALUES ('757ad9fa-ddcc-4643-932c-9eb027d9e5ca', 'fa901323-d5e3-4d37-9578-c8c75999c29a');
INSERT INTO pokemon_form (pokemon_id, form_id) VALUES ('757ad9fa-ddcc-4643-932c-9eb027d9e5ca', 'd80a3e12-2979-4a81-895c-8fd108ef4f0e');
INSERT INTO pokemon_held_item (pokemon_id, held_item_id) VALUES ('757ad9fa-ddcc-4643-932c-9eb027d9e5ca', 'ba467a86-ac3f-4e9a-b554-51869c0ab52d');
INSERT INTO pokemon_move (pokemon_id, move_id) VALUES ('757ad9fa-ddcc-4643-932c-9eb027d9e5ca', 'dd7c1592-f25c-4be0-b891-f718a79b3bc7');
INSERT INTO pokemon_move (pokemon_id, move_id) VALUES ('757ad9fa-ddcc-4643-932c-9eb027d9e5ca', '8e4532e2-402b-4c35-b3e2-b8df45f33558');
INSERT INTO pokemon_move (pokemon_id, move_id) VALUES ('757ad9fa-ddcc-4643-932c-9eb027d9e5ca', 'b786bd6c-4919-4c3a-9e2e-91e95be25d28');
INSERT INTO pokemon_move (pokemon_id, move_id) VALUES ('757ad9fa-ddcc-4643-932c-9eb027d9e5ca', 'aea68489-64e1-4505-9fc3-ba736f40a73f');
INSERT INTO pokemon_move (pokemon_id, move_id) VALUES ('757ad9fa-ddcc-4643-932c-9eb027d9e5ca', 'b17c89ad-9ba0-424c-bf03-cfc2be11528c');
INSERT INTO pokemon_type (pokemon_id, type_id) VALUES ('757ad9fa-ddcc-4643-932c-9eb027d9e5ca', '5a89bcf3-e914-4174-87a3-c7467757b2d1');
INSERT INTO pokemon_type (pokemon_id, type_id) VALUES ('757ad9fa-ddcc-4643-932c-9eb027d9e5ca', '3246137a-3c1a-4c22-a4d2-07d260a3c939');
INSERT INTO pokemon (id, original_id, name, height, weight, species, image_url, cry_sound) VALUES ('613088e2-9434-4734-a8c2-f79d9d58d8e7', '74' , 'geodude', 4, 200, 'geodude', 'https://raw.githubusercontent.com/PokeAPI/sprites/master/sprites/pokemon/74.png', 'https://raw.githubusercontent.com/PokeAPI/cries/main/cries/pokemon/latest/74.ogg');
INSERT INTO pokemon_ability (pokemon_id, ability_id) VALUES ('613088e2-9434-4734-a8c2-f79d9d58d8e7', 'd94fca31-bc8d-4862-ac69-5f65d34b95ae');
INSERT INTO pokemon_ability (pokemon_id, ability_id) VALUES ('613088e2-9434-4734-a8c2-f79d9d58d8e7', 'd1aaa4b7-4b03-4ff8-83c4-9b265f8d32b4');
INSERT INTO pokemon_ability (pokemon_id, ability_id) VALUES ('613088e2-9434-4734-a8c2-f79d9d58d8e7', 'eea50d29-4d42-4f32-9bb0-b2d6b2475f10');
INSERT INTO pokemon_form (pokemon_id, form_id) VALUES ('613088e2-9434-4734-a8c2-f79d9d58d8e7', '65800f8f-c0d5-4b10-a9ed-78a15b0624d0');
INSERT INTO pokemon_held_item (pokemon_id, held_item_id) VALUES ('613088e2-9434-4734-a8c2-f79d9d58d8e7', '3488f02a-fe48-434d-8b9e-bea65813810e');
INSERT INTO pokemon_move (pokemon_id, move_id) VALUES ('613088e2-9434-4734-a8c2-f79d9d58d8e7', '8f2e0a15-7a9d-4afb-8eea-16750e9484ed');
INSERT INTO pokemon_move (pokemon_id, move_id) VALUES ('613088e2-9434-4734-a8c2-f79d9d58d8e7', '0614a7ba-df34-4fea-8467-0b6eece4fb9f');
INSERT INTO pokemon_move (pokemon_id, move_id) VALUES ('613088e2-9434-4734-a8c2-f79d9d58d8e7', '8408b44b-a75a-489b-b509-1be599ff37b2');
INSERT INTO pokemon_move (pokemon_id, move_id) VALUES ('613088e2-9434-4734-a8c2-f79d9d58d8e7', 'cae07402-937e-4e7b-b4bc-85391001dc6b');
INSERT INTO pokemon_move (pokemon_id, move_id) VALUES ('613088e2-9434-4734-a8c2-f79d9d58d8e7', 'aea68489-64e1-4505-9fc3-ba736f40a73f');
INSERT INTO pokemon_type (pokemon_id, type_id) VALUES ('613088e2-9434-4734-a8c2-f79d9d58d8e7', '3e7be3a4-931b-4704-bdc9-8e075553ee52');
INSERT INTO pokemon_type (pokemon_id, type_id) VALUES ('613088e2-9434-4734-a8c2-f79d9d58d8e7', 'dec69f37-9b5f-4f98-95de-f55015eec5c4');
INSERT INTO pokemon (id, original_id, name, height, weight, species, image_url, cry_sound) VALUES ('5b7aa182-390c-42c5-bd3d-d74c6c5b236f', '75' , 'graveler', 10, 1050, 'graveler', 'https://raw.githubusercontent.com/PokeAPI/sprites/master/sprites/pokemon/75.png', 'https://raw.githubusercontent.com/PokeAPI/cries/main/cries/pokemon/latest/75.ogg');
INSERT INTO pokemon_ability (pokemon_id, ability_id) VALUES ('5b7aa182-390c-42c5-bd3d-d74c6c5b236f', 'd94fca31-bc8d-4862-ac69-5f65d34b95ae');
INSERT INTO pokemon_ability (pokemon_id, ability_id) VALUES ('5b7aa182-390c-42c5-bd3d-d74c6c5b236f', 'd1aaa4b7-4b03-4ff8-83c4-9b265f8d32b4');
INSERT INTO pokemon_ability (pokemon_id, ability_id) VALUES ('5b7aa182-390c-42c5-bd3d-d74c6c5b236f', 'eea50d29-4d42-4f32-9bb0-b2d6b2475f10');
INSERT INTO pokemon_form (pokemon_id, form_id) VALUES ('5b7aa182-390c-42c5-bd3d-d74c6c5b236f', 'a2820a82-3506-4de7-82ae-0f4472222c7d');
INSERT INTO pokemon_held_item (pokemon_id, held_item_id) VALUES ('5b7aa182-390c-42c5-bd3d-d74c6c5b236f', '3488f02a-fe48-434d-8b9e-bea65813810e');
INSERT INTO pokemon_held_item (pokemon_id, held_item_id) VALUES ('5b7aa182-390c-42c5-bd3d-d74c6c5b236f', '90559eba-0c9e-4272-989d-80e4a13b4547');
INSERT INTO pokemon_move (pokemon_id, move_id) VALUES ('5b7aa182-390c-42c5-bd3d-d74c6c5b236f', '8f2e0a15-7a9d-4afb-8eea-16750e9484ed');
INSERT INTO pokemon_move (pokemon_id, move_id) VALUES ('5b7aa182-390c-42c5-bd3d-d74c6c5b236f', '0614a7ba-df34-4fea-8467-0b6eece4fb9f');
INSERT INTO pokemon_move (pokemon_id, move_id) VALUES ('5b7aa182-390c-42c5-bd3d-d74c6c5b236f', '8408b44b-a75a-489b-b509-1be599ff37b2');
INSERT INTO pokemon_move (pokemon_id, move_id) VALUES ('5b7aa182-390c-42c5-bd3d-d74c6c5b236f', 'cae07402-937e-4e7b-b4bc-85391001dc6b');
INSERT INTO pokemon_move (pokemon_id, move_id) VALUES ('5b7aa182-390c-42c5-bd3d-d74c6c5b236f', 'aea68489-64e1-4505-9fc3-ba736f40a73f');
INSERT INTO pokemon_type (pokemon_id, type_id) VALUES ('5b7aa182-390c-42c5-bd3d-d74c6c5b236f', '3e7be3a4-931b-4704-bdc9-8e075553ee52');
INSERT INTO pokemon_type (pokemon_id, type_id) VALUES ('5b7aa182-390c-42c5-bd3d-d74c6c5b236f', 'dec69f37-9b5f-4f98-95de-f55015eec5c4');
INSERT INTO pokemon (id, original_id, name, height, weight, species, image_url, cry_sound) VALUES ('8e2db75e-c4f8-48a7-bc1e-cf01e9daa604', '76' , 'golem', 14, 3000, 'golem', 'https://raw.githubusercontent.com/PokeAPI/sprites/master/sprites/pokemon/76.png', 'https://raw.githubusercontent.com/PokeAPI/cries/main/cries/pokemon/latest/76.ogg');
INSERT INTO pokemon_ability (pokemon_id, ability_id) VALUES ('8e2db75e-c4f8-48a7-bc1e-cf01e9daa604', 'd94fca31-bc8d-4862-ac69-5f65d34b95ae');
INSERT INTO pokemon_ability (pokemon_id, ability_id) VALUES ('8e2db75e-c4f8-48a7-bc1e-cf01e9daa604', 'd1aaa4b7-4b03-4ff8-83c4-9b265f8d32b4');
INSERT INTO pokemon_ability (pokemon_id, ability_id) VALUES ('8e2db75e-c4f8-48a7-bc1e-cf01e9daa604', 'eea50d29-4d42-4f32-9bb0-b2d6b2475f10');
INSERT INTO pokemon_form (pokemon_id, form_id) VALUES ('8e2db75e-c4f8-48a7-bc1e-cf01e9daa604', '734be837-176b-40b2-a0eb-b61c6e5786ad');
INSERT INTO pokemon_held_item (pokemon_id, held_item_id) VALUES ('8e2db75e-c4f8-48a7-bc1e-cf01e9daa604', '3488f02a-fe48-434d-8b9e-bea65813810e');
INSERT INTO pokemon_held_item (pokemon_id, held_item_id) VALUES ('8e2db75e-c4f8-48a7-bc1e-cf01e9daa604', '90559eba-0c9e-4272-989d-80e4a13b4547');
INSERT INTO pokemon_move (pokemon_id, move_id) VALUES ('8e2db75e-c4f8-48a7-bc1e-cf01e9daa604', '8f2e0a15-7a9d-4afb-8eea-16750e9484ed');
INSERT INTO pokemon_move (pokemon_id, move_id) VALUES ('8e2db75e-c4f8-48a7-bc1e-cf01e9daa604', '0614a7ba-df34-4fea-8467-0b6eece4fb9f');
INSERT INTO pokemon_move (pokemon_id, move_id) VALUES ('8e2db75e-c4f8-48a7-bc1e-cf01e9daa604', '8408b44b-a75a-489b-b509-1be599ff37b2');
INSERT INTO pokemon_move (pokemon_id, move_id) VALUES ('8e2db75e-c4f8-48a7-bc1e-cf01e9daa604', '6b613c64-594e-4df6-a894-86b8e324482c');
INSERT INTO pokemon_move (pokemon_id, move_id) VALUES ('8e2db75e-c4f8-48a7-bc1e-cf01e9daa604', 'cae07402-937e-4e7b-b4bc-85391001dc6b');
INSERT INTO pokemon_type (pokemon_id, type_id) VALUES ('8e2db75e-c4f8-48a7-bc1e-cf01e9daa604', '3e7be3a4-931b-4704-bdc9-8e075553ee52');
INSERT INTO pokemon_type (pokemon_id, type_id) VALUES ('8e2db75e-c4f8-48a7-bc1e-cf01e9daa604', 'dec69f37-9b5f-4f98-95de-f55015eec5c4');
INSERT INTO pokemon (id, original_id, name, height, weight, species, image_url, cry_sound) VALUES ('07b556ab-88d8-4167-9719-01ff95fcdcda', '77' , 'ponyta', 10, 300, 'ponyta', 'https://raw.githubusercontent.com/PokeAPI/sprites/master/sprites/pokemon/77.png', 'https://raw.githubusercontent.com/PokeAPI/cries/main/cries/pokemon/latest/77.ogg');
INSERT INTO pokemon_ability (pokemon_id, ability_id) VALUES ('07b556ab-88d8-4167-9719-01ff95fcdcda', 'dc594db6-ac1f-4ffd-b66e-33fe3a9c61f0');
INSERT INTO pokemon_ability (pokemon_id, ability_id) VALUES ('07b556ab-88d8-4167-9719-01ff95fcdcda', '2f5187fe-a408-4222-8e89-0c4a82a4f14e');
INSERT INTO pokemon_ability (pokemon_id, ability_id) VALUES ('07b556ab-88d8-4167-9719-01ff95fcdcda', 'aaf8f8c0-3b3e-401c-82a6-c22c68a5fa53');
INSERT INTO pokemon_form (pokemon_id, form_id) VALUES ('07b556ab-88d8-4167-9719-01ff95fcdcda', '651c52b9-cc21-4421-9785-88f828eff518');
INSERT INTO pokemon_held_item (pokemon_id, held_item_id) VALUES ('07b556ab-88d8-4167-9719-01ff95fcdcda', 'fcc74d8e-50b0-400e-afa6-262f76c4f39e');
INSERT INTO pokemon_move (pokemon_id, move_id) VALUES ('07b556ab-88d8-4167-9719-01ff95fcdcda', '4a11ef3a-eacf-4e6b-bf8e-9e3e4433e2be');
INSERT INTO pokemon_move (pokemon_id, move_id) VALUES ('07b556ab-88d8-4167-9719-01ff95fcdcda', '5e08941c-7c0f-4948-84c0-93429d7fd1b2');
INSERT INTO pokemon_move (pokemon_id, move_id) VALUES ('07b556ab-88d8-4167-9719-01ff95fcdcda', 'aea68489-64e1-4505-9fc3-ba736f40a73f');
INSERT INTO pokemon_move (pokemon_id, move_id) VALUES ('07b556ab-88d8-4167-9719-01ff95fcdcda', '2cebd6cf-66e3-4e0f-9f34-3d48616dd1c3');
INSERT INTO pokemon_move (pokemon_id, move_id) VALUES ('07b556ab-88d8-4167-9719-01ff95fcdcda', 'a13b160c-b04c-4024-bc63-0e4e60ddc241');
INSERT INTO pokemon_type (pokemon_id, type_id) VALUES ('07b556ab-88d8-4167-9719-01ff95fcdcda', '65345a32-8c9f-40a0-9113-2144d1fbfb64');
INSERT INTO pokemon (id, original_id, name, height, weight, species, image_url, cry_sound) VALUES ('10181850-bc8e-4751-ae70-32050ed9a01a', '78' , 'rapidash', 17, 950, 'rapidash', 'https://raw.githubusercontent.com/PokeAPI/sprites/master/sprites/pokemon/78.png', 'https://raw.githubusercontent.com/PokeAPI/cries/main/cries/pokemon/latest/78.ogg');
INSERT INTO pokemon_ability (pokemon_id, ability_id) VALUES ('10181850-bc8e-4751-ae70-32050ed9a01a', 'dc594db6-ac1f-4ffd-b66e-33fe3a9c61f0');
INSERT INTO pokemon_ability (pokemon_id, ability_id) VALUES ('10181850-bc8e-4751-ae70-32050ed9a01a', '2f5187fe-a408-4222-8e89-0c4a82a4f14e');
INSERT INTO pokemon_ability (pokemon_id, ability_id) VALUES ('10181850-bc8e-4751-ae70-32050ed9a01a', 'aaf8f8c0-3b3e-401c-82a6-c22c68a5fa53');
INSERT INTO pokemon_form (pokemon_id, form_id) VALUES ('10181850-bc8e-4751-ae70-32050ed9a01a', '3d68c00e-9511-4a90-bdfb-7817003991dd');
INSERT INTO pokemon_held_item (pokemon_id, held_item_id) VALUES ('10181850-bc8e-4751-ae70-32050ed9a01a', 'fcc74d8e-50b0-400e-afa6-262f76c4f39e');
INSERT INTO pokemon_move (pokemon_id, move_id) VALUES ('10181850-bc8e-4751-ae70-32050ed9a01a', '095cd81e-83b2-465c-baa0-65a6265d8ad0');
INSERT INTO pokemon_move (pokemon_id, move_id) VALUES ('10181850-bc8e-4751-ae70-32050ed9a01a', 'dd7c1592-f25c-4be0-b891-f718a79b3bc7');
INSERT INTO pokemon_move (pokemon_id, move_id) VALUES ('10181850-bc8e-4751-ae70-32050ed9a01a', '4a11ef3a-eacf-4e6b-bf8e-9e3e4433e2be');
INSERT INTO pokemon_move (pokemon_id, move_id) VALUES ('10181850-bc8e-4751-ae70-32050ed9a01a', '5e08941c-7c0f-4948-84c0-93429d7fd1b2');
INSERT INTO pokemon_move (pokemon_id, move_id) VALUES ('10181850-bc8e-4751-ae70-32050ed9a01a', 'aea68489-64e1-4505-9fc3-ba736f40a73f');
INSERT INTO pokemon_type (pokemon_id, type_id) VALUES ('10181850-bc8e-4751-ae70-32050ed9a01a', '65345a32-8c9f-40a0-9113-2144d1fbfb64');
INSERT INTO pokemon (id, original_id, name, height, weight, species, image_url, cry_sound) VALUES ('84b5f036-40a7-4bea-b520-b1a0247e1840', '79' , 'slowpoke', 12, 360, 'slowpoke', 'https://raw.githubusercontent.com/PokeAPI/sprites/master/sprites/pokemon/79.png', 'https://raw.githubusercontent.com/PokeAPI/cries/main/cries/pokemon/latest/79.ogg');
INSERT INTO pokemon_ability (pokemon_id, ability_id) VALUES ('84b5f036-40a7-4bea-b520-b1a0247e1840', '8d24582f-7c42-4ed4-8586-c97794977f5a');
INSERT INTO pokemon_ability (pokemon_id, ability_id) VALUES ('84b5f036-40a7-4bea-b520-b1a0247e1840', '5a558e69-5bf0-4a7b-bd2d-a1c03a4ec465');
INSERT INTO pokemon_ability (pokemon_id, ability_id) VALUES ('84b5f036-40a7-4bea-b520-b1a0247e1840', '42d7778f-ea3b-4ba7-b4ea-bcd08604dc86');
INSERT INTO pokemon_form (pokemon_id, form_id) VALUES ('84b5f036-40a7-4bea-b520-b1a0247e1840', '35ea8264-ef68-40ac-89af-8831184b1f3a');
INSERT INTO pokemon_held_item (pokemon_id, held_item_id) VALUES ('84b5f036-40a7-4bea-b520-b1a0247e1840', '3c7a27df-ab72-423b-8c02-033931d2b816');
INSERT INTO pokemon_held_item (pokemon_id, held_item_id) VALUES ('84b5f036-40a7-4bea-b520-b1a0247e1840', 'b3573870-fb16-47da-a81e-4ecc9a42948e');
INSERT INTO pokemon_move (pokemon_id, move_id) VALUES ('84b5f036-40a7-4bea-b520-b1a0247e1840', '095cd81e-83b2-465c-baa0-65a6265d8ad0');
INSERT INTO pokemon_move (pokemon_id, move_id) VALUES ('84b5f036-40a7-4bea-b520-b1a0247e1840', '4a11ef3a-eacf-4e6b-bf8e-9e3e4433e2be');
INSERT INTO pokemon_move (pokemon_id, move_id) VALUES ('84b5f036-40a7-4bea-b520-b1a0247e1840', 'aea68489-64e1-4505-9fc3-ba736f40a73f');
INSERT INTO pokemon_move (pokemon_id, move_id) VALUES ('84b5f036-40a7-4bea-b520-b1a0247e1840', 'a13b160c-b04c-4024-bc63-0e4e60ddc241');
INSERT INTO pokemon_move (pokemon_id, move_id) VALUES ('84b5f036-40a7-4bea-b520-b1a0247e1840', 'cd9c0412-b0d0-470f-bda9-b344803b2323');
INSERT INTO pokemon_type (pokemon_id, type_id) VALUES ('84b5f036-40a7-4bea-b520-b1a0247e1840', '5a89bcf3-e914-4174-87a3-c7467757b2d1');
INSERT INTO pokemon_type (pokemon_id, type_id) VALUES ('84b5f036-40a7-4bea-b520-b1a0247e1840', '5b2cfdda-d877-4696-a8b2-0cf14ae6d0f7');
INSERT INTO pokemon (id, original_id, name, height, weight, species, image_url, cry_sound) VALUES ('2b8b6ed0-b2cf-4f8f-928f-103496f78574', '80' , 'slowbro', 16, 785, 'slowbro', 'https://raw.githubusercontent.com/PokeAPI/sprites/master/sprites/pokemon/80.png', 'https://raw.githubusercontent.com/PokeAPI/cries/main/cries/pokemon/latest/80.ogg');
INSERT INTO pokemon_ability (pokemon_id, ability_id) VALUES ('2b8b6ed0-b2cf-4f8f-928f-103496f78574', '8d24582f-7c42-4ed4-8586-c97794977f5a');
INSERT INTO pokemon_ability (pokemon_id, ability_id) VALUES ('2b8b6ed0-b2cf-4f8f-928f-103496f78574', '5a558e69-5bf0-4a7b-bd2d-a1c03a4ec465');
INSERT INTO pokemon_ability (pokemon_id, ability_id) VALUES ('2b8b6ed0-b2cf-4f8f-928f-103496f78574', '42d7778f-ea3b-4ba7-b4ea-bcd08604dc86');
INSERT INTO pokemon_form (pokemon_id, form_id) VALUES ('2b8b6ed0-b2cf-4f8f-928f-103496f78574', 'a2c5dc54-7f72-4248-ab27-48a8605d9f42');
INSERT INTO pokemon_held_item (pokemon_id, held_item_id) VALUES ('2b8b6ed0-b2cf-4f8f-928f-103496f78574', '3c7a27df-ab72-423b-8c02-033931d2b816');
INSERT INTO pokemon_move (pokemon_id, move_id) VALUES ('2b8b6ed0-b2cf-4f8f-928f-103496f78574', '8f2e0a15-7a9d-4afb-8eea-16750e9484ed');
INSERT INTO pokemon_move (pokemon_id, move_id) VALUES ('2b8b6ed0-b2cf-4f8f-928f-103496f78574', '095cd81e-83b2-465c-baa0-65a6265d8ad0');
INSERT INTO pokemon_move (pokemon_id, move_id) VALUES ('2b8b6ed0-b2cf-4f8f-928f-103496f78574', 'ba84d053-7a99-4da5-828b-e4ea229e08d3');
INSERT INTO pokemon_move (pokemon_id, move_id) VALUES ('2b8b6ed0-b2cf-4f8f-928f-103496f78574', '4a11ef3a-eacf-4e6b-bf8e-9e3e4433e2be');
INSERT INTO pokemon_move (pokemon_id, move_id) VALUES ('2b8b6ed0-b2cf-4f8f-928f-103496f78574', '6b613c64-594e-4df6-a894-86b8e324482c');
INSERT INTO pokemon_type (pokemon_id, type_id) VALUES ('2b8b6ed0-b2cf-4f8f-928f-103496f78574', '5a89bcf3-e914-4174-87a3-c7467757b2d1');
INSERT INTO pokemon_type (pokemon_id, type_id) VALUES ('2b8b6ed0-b2cf-4f8f-928f-103496f78574', '5b2cfdda-d877-4696-a8b2-0cf14ae6d0f7');
INSERT INTO pokemon (id, original_id, name, height, weight, species, image_url, cry_sound) VALUES ('2e748bcb-eafe-4d54-8516-fb3d3a665557', '81' , 'magnemite', 3, 60, 'magnemite', 'https://raw.githubusercontent.com/PokeAPI/sprites/master/sprites/pokemon/81.png', 'https://raw.githubusercontent.com/PokeAPI/cries/main/cries/pokemon/latest/81.ogg');
INSERT INTO pokemon_ability (pokemon_id, ability_id) VALUES ('2e748bcb-eafe-4d54-8516-fb3d3a665557', '92a8f542-7cdc-4ca4-876e-b7fa8522b606');
INSERT INTO pokemon_ability (pokemon_id, ability_id) VALUES ('2e748bcb-eafe-4d54-8516-fb3d3a665557', 'd1aaa4b7-4b03-4ff8-83c4-9b265f8d32b4');
INSERT INTO pokemon_ability (pokemon_id, ability_id) VALUES ('2e748bcb-eafe-4d54-8516-fb3d3a665557', '45b03eb4-c1c6-43c2-8b88-61e3988cd2db');
INSERT INTO pokemon_form (pokemon_id, form_id) VALUES ('2e748bcb-eafe-4d54-8516-fb3d3a665557', 'b76711bf-6e1f-44c2-b7fc-67c33cc0b15e');
INSERT INTO pokemon_held_item (pokemon_id, held_item_id) VALUES ('2e748bcb-eafe-4d54-8516-fb3d3a665557', '1e384563-a8e6-4a6e-9029-a6dba329c0dd');
INSERT INTO pokemon_move (pokemon_id, move_id) VALUES ('2e748bcb-eafe-4d54-8516-fb3d3a665557', 'aea68489-64e1-4505-9fc3-ba736f40a73f');
INSERT INTO pokemon_move (pokemon_id, move_id) VALUES ('2e748bcb-eafe-4d54-8516-fb3d3a665557', 'a13b160c-b04c-4024-bc63-0e4e60ddc241');
INSERT INTO pokemon_move (pokemon_id, move_id) VALUES ('2e748bcb-eafe-4d54-8516-fb3d3a665557', '3df4a465-c9e3-4da8-a582-50747f45c60e');
INSERT INTO pokemon_move (pokemon_id, move_id) VALUES ('2e748bcb-eafe-4d54-8516-fb3d3a665557', '6b47ed03-541e-4f2c-b732-068173acf850');
INSERT INTO pokemon_move (pokemon_id, move_id) VALUES ('2e748bcb-eafe-4d54-8516-fb3d3a665557', '6a0ed383-fad9-4a1a-aa9a-88bf6e8e0677');
INSERT INTO pokemon_type (pokemon_id, type_id) VALUES ('2e748bcb-eafe-4d54-8516-fb3d3a665557', 'e81f6163-ff14-4eed-a642-3d3da39475da');
INSERT INTO pokemon_type (pokemon_id, type_id) VALUES ('2e748bcb-eafe-4d54-8516-fb3d3a665557', 'fece9912-a0d4-4e8c-b36d-56c3e7f4badb');
INSERT INTO pokemon (id, original_id, name, height, weight, species, image_url, cry_sound) VALUES ('e7a9a62c-8d67-4c81-aeb9-a4061b321275', '82' , 'magneton', 10, 600, 'magneton', 'https://raw.githubusercontent.com/PokeAPI/sprites/master/sprites/pokemon/82.png', 'https://raw.githubusercontent.com/PokeAPI/cries/main/cries/pokemon/latest/82.ogg');
INSERT INTO pokemon_ability (pokemon_id, ability_id) VALUES ('e7a9a62c-8d67-4c81-aeb9-a4061b321275', '92a8f542-7cdc-4ca4-876e-b7fa8522b606');
INSERT INTO pokemon_ability (pokemon_id, ability_id) VALUES ('e7a9a62c-8d67-4c81-aeb9-a4061b321275', 'd1aaa4b7-4b03-4ff8-83c4-9b265f8d32b4');
INSERT INTO pokemon_ability (pokemon_id, ability_id) VALUES ('e7a9a62c-8d67-4c81-aeb9-a4061b321275', '45b03eb4-c1c6-43c2-8b88-61e3988cd2db');
INSERT INTO pokemon_form (pokemon_id, form_id) VALUES ('e7a9a62c-8d67-4c81-aeb9-a4061b321275', '24d438d6-38fa-4062-96bc-0f41a7d3f9b0');
INSERT INTO pokemon_held_item (pokemon_id, held_item_id) VALUES ('e7a9a62c-8d67-4c81-aeb9-a4061b321275', '1e384563-a8e6-4a6e-9029-a6dba329c0dd');
INSERT INTO pokemon_held_item (pokemon_id, held_item_id) VALUES ('e7a9a62c-8d67-4c81-aeb9-a4061b321275', 'e5b6ea32-d1c7-4432-b131-31cc43010c97');
INSERT INTO pokemon_move (pokemon_id, move_id) VALUES ('e7a9a62c-8d67-4c81-aeb9-a4061b321275', 'aea68489-64e1-4505-9fc3-ba736f40a73f');
INSERT INTO pokemon_move (pokemon_id, move_id) VALUES ('e7a9a62c-8d67-4c81-aeb9-a4061b321275', 'a13b160c-b04c-4024-bc63-0e4e60ddc241');
INSERT INTO pokemon_move (pokemon_id, move_id) VALUES ('e7a9a62c-8d67-4c81-aeb9-a4061b321275', '3df4a465-c9e3-4da8-a582-50747f45c60e');
INSERT INTO pokemon_move (pokemon_id, move_id) VALUES ('e7a9a62c-8d67-4c81-aeb9-a4061b321275', '6b47ed03-541e-4f2c-b732-068173acf850');
INSERT INTO pokemon_move (pokemon_id, move_id) VALUES ('e7a9a62c-8d67-4c81-aeb9-a4061b321275', '6a0ed383-fad9-4a1a-aa9a-88bf6e8e0677');
INSERT INTO pokemon_type (pokemon_id, type_id) VALUES ('e7a9a62c-8d67-4c81-aeb9-a4061b321275', 'e81f6163-ff14-4eed-a642-3d3da39475da');
INSERT INTO pokemon_type (pokemon_id, type_id) VALUES ('e7a9a62c-8d67-4c81-aeb9-a4061b321275', 'fece9912-a0d4-4e8c-b36d-56c3e7f4badb');
INSERT INTO pokemon (id, original_id, name, height, weight, species, image_url, cry_sound) VALUES ('0e4d726d-aef4-4791-bf36-0c120fbb5a55', '83' , 'farfetchd', 8, 150, 'farfetchd', 'https://raw.githubusercontent.com/PokeAPI/sprites/master/sprites/pokemon/83.png', 'https://raw.githubusercontent.com/PokeAPI/cries/main/cries/pokemon/latest/83.ogg');
INSERT INTO pokemon_ability (pokemon_id, ability_id) VALUES ('0e4d726d-aef4-4791-bf36-0c120fbb5a55', '80b3e403-81dc-440d-9e82-8aa93a5d77ce');
INSERT INTO pokemon_ability (pokemon_id, ability_id) VALUES ('0e4d726d-aef4-4791-bf36-0c120fbb5a55', 'f73d0d2b-85e8-454e-80ea-80be432de13e');
INSERT INTO pokemon_ability (pokemon_id, ability_id) VALUES ('0e4d726d-aef4-4791-bf36-0c120fbb5a55', '29a20975-d8e6-425b-afc0-aa30042e929f');
INSERT INTO pokemon_form (pokemon_id, form_id) VALUES ('0e4d726d-aef4-4791-bf36-0c120fbb5a55', '85fc95f2-e2e4-4faa-8424-f5c649a7b8c5');
INSERT INTO pokemon_held_item (pokemon_id, held_item_id) VALUES ('0e4d726d-aef4-4791-bf36-0c120fbb5a55', '71865626-afbe-4a5d-bdae-975ae577efd7');
INSERT INTO pokemon_move (pokemon_id, move_id) VALUES ('0e4d726d-aef4-4791-bf36-0c120fbb5a55', '19233272-8c3b-4e96-a9ee-ee146e6a7b05');
INSERT INTO pokemon_move (pokemon_id, move_id) VALUES ('0e4d726d-aef4-4791-bf36-0c120fbb5a55', 'dd7c1592-f25c-4be0-b891-f718a79b3bc7');
INSERT INTO pokemon_move (pokemon_id, move_id) VALUES ('0e4d726d-aef4-4791-bf36-0c120fbb5a55', '8e4532e2-402b-4c35-b3e2-b8df45f33558');
INSERT INTO pokemon_move (pokemon_id, move_id) VALUES ('0e4d726d-aef4-4791-bf36-0c120fbb5a55', '8fc0e8ef-64e2-4803-b954-427d4f8b8ad9');
INSERT INTO pokemon_move (pokemon_id, move_id) VALUES ('0e4d726d-aef4-4791-bf36-0c120fbb5a55', '4a26e96a-9241-408b-bc29-f918af316ee2');
INSERT INTO pokemon_type (pokemon_id, type_id) VALUES ('0e4d726d-aef4-4791-bf36-0c120fbb5a55', '66c0670b-2eee-41f6-a32d-e1e12a141bd8');
INSERT INTO pokemon_type (pokemon_id, type_id) VALUES ('0e4d726d-aef4-4791-bf36-0c120fbb5a55', 'f91b9dfe-9524-499a-809b-93728a1b12fd');
INSERT INTO pokemon (id, original_id, name, height, weight, species, image_url, cry_sound) VALUES ('addbdd86-12c9-4687-9253-c479045d43fc', '84' , 'doduo', 14, 392, 'doduo', 'https://raw.githubusercontent.com/PokeAPI/sprites/master/sprites/pokemon/84.png', 'https://raw.githubusercontent.com/PokeAPI/cries/main/cries/pokemon/latest/84.ogg');
INSERT INTO pokemon_ability (pokemon_id, ability_id) VALUES ('addbdd86-12c9-4687-9253-c479045d43fc', 'dc594db6-ac1f-4ffd-b66e-33fe3a9c61f0');
INSERT INTO pokemon_ability (pokemon_id, ability_id) VALUES ('addbdd86-12c9-4687-9253-c479045d43fc', '9d9409c4-9fc1-48d4-9f7f-09adf81df53b');
INSERT INTO pokemon_ability (pokemon_id, ability_id) VALUES ('addbdd86-12c9-4687-9253-c479045d43fc', 'f451cdb1-ec45-484f-99f7-1fc70d4bd7fa');
INSERT INTO pokemon_form (pokemon_id, form_id) VALUES ('addbdd86-12c9-4687-9253-c479045d43fc', '418052bf-30f7-424b-8876-9ac43cd8e6c7');
INSERT INTO pokemon_held_item (pokemon_id, held_item_id) VALUES ('addbdd86-12c9-4687-9253-c479045d43fc', '6ae3f4a9-68d5-4593-b101-2a621f8b83f8');
INSERT INTO pokemon_move (pokemon_id, move_id) VALUES ('addbdd86-12c9-4687-9253-c479045d43fc', 'dd7c1592-f25c-4be0-b891-f718a79b3bc7');
INSERT INTO pokemon_move (pokemon_id, move_id) VALUES ('addbdd86-12c9-4687-9253-c479045d43fc', 'c977bf4f-9f86-400a-996c-87fb62b40c68');
INSERT INTO pokemon_move (pokemon_id, move_id) VALUES ('addbdd86-12c9-4687-9253-c479045d43fc', '4a26e96a-9241-408b-bc29-f918af316ee2');
INSERT INTO pokemon_move (pokemon_id, move_id) VALUES ('addbdd86-12c9-4687-9253-c479045d43fc', '615d039e-a238-464e-abe3-72d7bc3683c7');
INSERT INTO pokemon_move (pokemon_id, move_id) VALUES ('addbdd86-12c9-4687-9253-c479045d43fc', '6b186459-857c-4fd4-95dc-00991f2d9f0e');
INSERT INTO pokemon_type (pokemon_id, type_id) VALUES ('addbdd86-12c9-4687-9253-c479045d43fc', '66c0670b-2eee-41f6-a32d-e1e12a141bd8');
INSERT INTO pokemon_type (pokemon_id, type_id) VALUES ('addbdd86-12c9-4687-9253-c479045d43fc', 'f91b9dfe-9524-499a-809b-93728a1b12fd');
INSERT INTO pokemon (id, original_id, name, height, weight, species, image_url, cry_sound) VALUES ('5c7a097c-7fa7-42bd-b64d-488c5fef871e', '85' , 'dodrio', 18, 852, 'dodrio', 'https://raw.githubusercontent.com/PokeAPI/sprites/master/sprites/pokemon/85.png', 'https://raw.githubusercontent.com/PokeAPI/cries/main/cries/pokemon/latest/85.ogg');
INSERT INTO pokemon_ability (pokemon_id, ability_id) VALUES ('5c7a097c-7fa7-42bd-b64d-488c5fef871e', 'dc594db6-ac1f-4ffd-b66e-33fe3a9c61f0');
INSERT INTO pokemon_ability (pokemon_id, ability_id) VALUES ('5c7a097c-7fa7-42bd-b64d-488c5fef871e', '9d9409c4-9fc1-48d4-9f7f-09adf81df53b');
INSERT INTO pokemon_ability (pokemon_id, ability_id) VALUES ('5c7a097c-7fa7-42bd-b64d-488c5fef871e', 'f451cdb1-ec45-484f-99f7-1fc70d4bd7fa');
INSERT INTO pokemon_form (pokemon_id, form_id) VALUES ('5c7a097c-7fa7-42bd-b64d-488c5fef871e', '9d7deb73-cb93-4cf9-9aef-586f76418c72');
INSERT INTO pokemon_held_item (pokemon_id, held_item_id) VALUES ('5c7a097c-7fa7-42bd-b64d-488c5fef871e', '6ae3f4a9-68d5-4593-b101-2a621f8b83f8');
INSERT INTO pokemon_move (pokemon_id, move_id) VALUES ('5c7a097c-7fa7-42bd-b64d-488c5fef871e', 'dd7c1592-f25c-4be0-b891-f718a79b3bc7');
INSERT INTO pokemon_move (pokemon_id, move_id) VALUES ('5c7a097c-7fa7-42bd-b64d-488c5fef871e', 'c977bf4f-9f86-400a-996c-87fb62b40c68');
INSERT INTO pokemon_move (pokemon_id, move_id) VALUES ('5c7a097c-7fa7-42bd-b64d-488c5fef871e', '4a26e96a-9241-408b-bc29-f918af316ee2');
INSERT INTO pokemon_move (pokemon_id, move_id) VALUES ('5c7a097c-7fa7-42bd-b64d-488c5fef871e', '615d039e-a238-464e-abe3-72d7bc3683c7');
INSERT INTO pokemon_move (pokemon_id, move_id) VALUES ('5c7a097c-7fa7-42bd-b64d-488c5fef871e', '6b186459-857c-4fd4-95dc-00991f2d9f0e');
INSERT INTO pokemon_type (pokemon_id, type_id) VALUES ('5c7a097c-7fa7-42bd-b64d-488c5fef871e', '66c0670b-2eee-41f6-a32d-e1e12a141bd8');
INSERT INTO pokemon_type (pokemon_id, type_id) VALUES ('5c7a097c-7fa7-42bd-b64d-488c5fef871e', 'f91b9dfe-9524-499a-809b-93728a1b12fd');
INSERT INTO pokemon (id, original_id, name, height, weight, species, image_url, cry_sound) VALUES ('79139b2d-a482-4b2a-bf94-6971bfa6542e', '86' , 'seel', 11, 900, 'seel', 'https://raw.githubusercontent.com/PokeAPI/sprites/master/sprites/pokemon/86.png', 'https://raw.githubusercontent.com/PokeAPI/cries/main/cries/pokemon/latest/86.ogg');
INSERT INTO pokemon_ability (pokemon_id, ability_id) VALUES ('79139b2d-a482-4b2a-bf94-6971bfa6542e', '71ba27c9-031b-463d-9aa6-07a90f20f854');
INSERT INTO pokemon_ability (pokemon_id, ability_id) VALUES ('79139b2d-a482-4b2a-bf94-6971bfa6542e', 'fa67feab-fefa-4bd4-af7f-1e246d373d80');
INSERT INTO pokemon_ability (pokemon_id, ability_id) VALUES ('79139b2d-a482-4b2a-bf94-6971bfa6542e', '6e63b849-741a-4606-82a0-aacd7318206c');
INSERT INTO pokemon_form (pokemon_id, form_id) VALUES ('79139b2d-a482-4b2a-bf94-6971bfa6542e', '6ee0e0e9-1298-445e-a600-de65934fa17e');
INSERT INTO pokemon_held_item (pokemon_id, held_item_id) VALUES ('79139b2d-a482-4b2a-bf94-6971bfa6542e', 'd7ba69d5-6bcc-41af-a3de-cbbecd87d2e7');
INSERT INTO pokemon_move (pokemon_id, move_id) VALUES ('79139b2d-a482-4b2a-bf94-6971bfa6542e', '095cd81e-83b2-465c-baa0-65a6265d8ad0');
INSERT INTO pokemon_move (pokemon_id, move_id) VALUES ('79139b2d-a482-4b2a-bf94-6971bfa6542e', '8c2aeeb2-d701-462d-8186-18e22c76ed80');
INSERT INTO pokemon_move (pokemon_id, move_id) VALUES ('79139b2d-a482-4b2a-bf94-6971bfa6542e', 'aea68489-64e1-4505-9fc3-ba736f40a73f');
INSERT INTO pokemon_move (pokemon_id, move_id) VALUES ('79139b2d-a482-4b2a-bf94-6971bfa6542e', '2cebd6cf-66e3-4e0f-9f34-3d48616dd1c3');
INSERT INTO pokemon_move (pokemon_id, move_id) VALUES ('79139b2d-a482-4b2a-bf94-6971bfa6542e', 'cd9c0412-b0d0-470f-bda9-b344803b2323');
INSERT INTO pokemon_type (pokemon_id, type_id) VALUES ('79139b2d-a482-4b2a-bf94-6971bfa6542e', '5a89bcf3-e914-4174-87a3-c7467757b2d1');
INSERT INTO pokemon (id, original_id, name, height, weight, species, image_url, cry_sound) VALUES ('884c9c26-a887-43b7-9051-d63b55f6d4ad', '87' , 'dewgong', 17, 1200, 'dewgong', 'https://raw.githubusercontent.com/PokeAPI/sprites/master/sprites/pokemon/87.png', 'https://raw.githubusercontent.com/PokeAPI/cries/main/cries/pokemon/latest/87.ogg');
INSERT INTO pokemon_ability (pokemon_id, ability_id) VALUES ('884c9c26-a887-43b7-9051-d63b55f6d4ad', '71ba27c9-031b-463d-9aa6-07a90f20f854');
INSERT INTO pokemon_ability (pokemon_id, ability_id) VALUES ('884c9c26-a887-43b7-9051-d63b55f6d4ad', 'fa67feab-fefa-4bd4-af7f-1e246d373d80');
INSERT INTO pokemon_ability (pokemon_id, ability_id) VALUES ('884c9c26-a887-43b7-9051-d63b55f6d4ad', '6e63b849-741a-4606-82a0-aacd7318206c');
INSERT INTO pokemon_form (pokemon_id, form_id) VALUES ('884c9c26-a887-43b7-9051-d63b55f6d4ad', '48bb7108-d731-4cf3-9931-ee72160541b2');
INSERT INTO pokemon_held_item (pokemon_id, held_item_id) VALUES ('884c9c26-a887-43b7-9051-d63b55f6d4ad', 'd7ba69d5-6bcc-41af-a3de-cbbecd87d2e7');
INSERT INTO pokemon_held_item (pokemon_id, held_item_id) VALUES ('884c9c26-a887-43b7-9051-d63b55f6d4ad', '8eb5c851-cd17-41b0-9f82-ca8cc63b22a9');
INSERT INTO pokemon_move (pokemon_id, move_id) VALUES ('884c9c26-a887-43b7-9051-d63b55f6d4ad', '095cd81e-83b2-465c-baa0-65a6265d8ad0');
INSERT INTO pokemon_move (pokemon_id, move_id) VALUES ('884c9c26-a887-43b7-9051-d63b55f6d4ad', 'aea68489-64e1-4505-9fc3-ba736f40a73f');
INSERT INTO pokemon_move (pokemon_id, move_id) VALUES ('884c9c26-a887-43b7-9051-d63b55f6d4ad', '2cebd6cf-66e3-4e0f-9f34-3d48616dd1c3');
INSERT INTO pokemon_move (pokemon_id, move_id) VALUES ('884c9c26-a887-43b7-9051-d63b55f6d4ad', 'cd9c0412-b0d0-470f-bda9-b344803b2323');
INSERT INTO pokemon_move (pokemon_id, move_id) VALUES ('884c9c26-a887-43b7-9051-d63b55f6d4ad', '3df4a465-c9e3-4da8-a582-50747f45c60e');
INSERT INTO pokemon_type (pokemon_id, type_id) VALUES ('884c9c26-a887-43b7-9051-d63b55f6d4ad', '5a89bcf3-e914-4174-87a3-c7467757b2d1');
INSERT INTO pokemon_type (pokemon_id, type_id) VALUES ('884c9c26-a887-43b7-9051-d63b55f6d4ad', 'b864f05c-3c7a-4270-901a-a8e7b2f69cf5');
INSERT INTO pokemon (id, original_id, name, height, weight, species, image_url, cry_sound) VALUES ('609a16fc-3552-42a5-a0ad-6a49453dc127', '88' , 'grimer', 9, 300, 'grimer', 'https://raw.githubusercontent.com/PokeAPI/sprites/master/sprites/pokemon/88.png', 'https://raw.githubusercontent.com/PokeAPI/cries/main/cries/pokemon/latest/88.ogg');
INSERT INTO pokemon_ability (pokemon_id, ability_id) VALUES ('609a16fc-3552-42a5-a0ad-6a49453dc127', '084d29e9-3a1c-4f8d-86ac-3725c02cda6a');
INSERT INTO pokemon_ability (pokemon_id, ability_id) VALUES ('609a16fc-3552-42a5-a0ad-6a49453dc127', 'e482fdbf-40c4-4d57-b541-4d5a50c3e525');
INSERT INTO pokemon_ability (pokemon_id, ability_id) VALUES ('609a16fc-3552-42a5-a0ad-6a49453dc127', 'ea0a3881-b490-4bed-a658-b6b339f01fd1');
INSERT INTO pokemon_form (pokemon_id, form_id) VALUES ('609a16fc-3552-42a5-a0ad-6a49453dc127', '40f5333d-84d4-4b6f-a91b-7e6f6ba61598');
INSERT INTO pokemon_held_item (pokemon_id, held_item_id) VALUES ('609a16fc-3552-42a5-a0ad-6a49453dc127', '7beb6845-8cdb-475e-823f-8464bbd2f45e');
INSERT INTO pokemon_held_item (pokemon_id, held_item_id) VALUES ('609a16fc-3552-42a5-a0ad-6a49453dc127', '05bac872-9cbc-40a7-8a7c-7fb28d543603');
INSERT INTO pokemon_move (pokemon_id, move_id) VALUES ('609a16fc-3552-42a5-a0ad-6a49453dc127', '1c8cdd5c-2d2b-4371-9ca7-aaed87b0df01');
INSERT INTO pokemon_move (pokemon_id, move_id) VALUES ('609a16fc-3552-42a5-a0ad-6a49453dc127', '0614a7ba-df34-4fea-8467-0b6eece4fb9f');
INSERT INTO pokemon_move (pokemon_id, move_id) VALUES ('609a16fc-3552-42a5-a0ad-6a49453dc127', 'ba84d053-7a99-4da5-828b-e4ea229e08d3');
INSERT INTO pokemon_move (pokemon_id, move_id) VALUES ('609a16fc-3552-42a5-a0ad-6a49453dc127', '8408b44b-a75a-489b-b509-1be599ff37b2');
INSERT INTO pokemon_move (pokemon_id, move_id) VALUES ('609a16fc-3552-42a5-a0ad-6a49453dc127', 'aea68489-64e1-4505-9fc3-ba736f40a73f');
INSERT INTO pokemon_type (pokemon_id, type_id) VALUES ('609a16fc-3552-42a5-a0ad-6a49453dc127', '3246137a-3c1a-4c22-a4d2-07d260a3c939');
INSERT INTO pokemon (id, original_id, name, height, weight, species, image_url, cry_sound) VALUES ('4980cb23-6471-4875-bea9-825418a89948', '89' , 'muk', 12, 300, 'muk', 'https://raw.githubusercontent.com/PokeAPI/sprites/master/sprites/pokemon/89.png', 'https://raw.githubusercontent.com/PokeAPI/cries/main/cries/pokemon/latest/89.ogg');
INSERT INTO pokemon_ability (pokemon_id, ability_id) VALUES ('4980cb23-6471-4875-bea9-825418a89948', '084d29e9-3a1c-4f8d-86ac-3725c02cda6a');
INSERT INTO pokemon_ability (pokemon_id, ability_id) VALUES ('4980cb23-6471-4875-bea9-825418a89948', 'e482fdbf-40c4-4d57-b541-4d5a50c3e525');
INSERT INTO pokemon_ability (pokemon_id, ability_id) VALUES ('4980cb23-6471-4875-bea9-825418a89948', 'ea0a3881-b490-4bed-a658-b6b339f01fd1');
INSERT INTO pokemon_form (pokemon_id, form_id) VALUES ('4980cb23-6471-4875-bea9-825418a89948', 'be230b4d-48e6-45e3-a8ff-31bf82b77256');
INSERT INTO pokemon_held_item (pokemon_id, held_item_id) VALUES ('4980cb23-6471-4875-bea9-825418a89948', '7beb6845-8cdb-475e-823f-8464bbd2f45e');
INSERT INTO pokemon_held_item (pokemon_id, held_item_id) VALUES ('4980cb23-6471-4875-bea9-825418a89948', 'fa520472-fee7-40fe-a1b4-056d4f5193ba');
INSERT INTO pokemon_held_item (pokemon_id, held_item_id) VALUES ('4980cb23-6471-4875-bea9-825418a89948', '05bac872-9cbc-40a7-8a7c-7fb28d543603');
INSERT INTO pokemon_move (pokemon_id, move_id) VALUES ('4980cb23-6471-4875-bea9-825418a89948', '1c8cdd5c-2d2b-4371-9ca7-aaed87b0df01');
INSERT INTO pokemon_move (pokemon_id, move_id) VALUES ('4980cb23-6471-4875-bea9-825418a89948', '0614a7ba-df34-4fea-8467-0b6eece4fb9f');
INSERT INTO pokemon_move (pokemon_id, move_id) VALUES ('4980cb23-6471-4875-bea9-825418a89948', 'ba84d053-7a99-4da5-828b-e4ea229e08d3');
INSERT INTO pokemon_move (pokemon_id, move_id) VALUES ('4980cb23-6471-4875-bea9-825418a89948', '8408b44b-a75a-489b-b509-1be599ff37b2');
INSERT INTO pokemon_move (pokemon_id, move_id) VALUES ('4980cb23-6471-4875-bea9-825418a89948', 'aea68489-64e1-4505-9fc3-ba736f40a73f');
INSERT INTO pokemon_type (pokemon_id, type_id) VALUES ('4980cb23-6471-4875-bea9-825418a89948', '3246137a-3c1a-4c22-a4d2-07d260a3c939');
INSERT INTO pokemon (id, original_id, name, height, weight, species, image_url, cry_sound) VALUES ('68ba6eae-ce3a-471a-a293-566447a9532d', '90' , 'shellder', 3, 40, 'shellder', 'https://raw.githubusercontent.com/PokeAPI/sprites/master/sprites/pokemon/90.png', 'https://raw.githubusercontent.com/PokeAPI/cries/main/cries/pokemon/latest/90.ogg');
INSERT INTO pokemon_ability (pokemon_id, ability_id) VALUES ('68ba6eae-ce3a-471a-a293-566447a9532d', 'e720d0bf-3d0a-49db-84f0-ac291be6c35b');
INSERT INTO pokemon_ability (pokemon_id, ability_id) VALUES ('68ba6eae-ce3a-471a-a293-566447a9532d', '7836833b-f587-4f72-a182-6d20fb5059c3');
INSERT INTO pokemon_ability (pokemon_id, ability_id) VALUES ('68ba6eae-ce3a-471a-a293-566447a9532d', 'ebd5aced-64cd-486c-a674-082a221d3268');
INSERT INTO pokemon_form (pokemon_id, form_id) VALUES ('68ba6eae-ce3a-471a-a293-566447a9532d', 'fe1fcd18-e14e-4a62-b155-6ecc2477e0ec');
INSERT INTO pokemon_held_item (pokemon_id, held_item_id) VALUES ('68ba6eae-ce3a-471a-a293-566447a9532d', '4765c966-8d13-46a1-a86b-cf6ced3dc7ce');
INSERT INTO pokemon_held_item (pokemon_id, held_item_id) VALUES ('68ba6eae-ce3a-471a-a293-566447a9532d', '03067d72-ad84-4a8e-917b-ef61328bda5c');
INSERT INTO pokemon_move (pokemon_id, move_id) VALUES ('68ba6eae-ce3a-471a-a293-566447a9532d', 'aea68489-64e1-4505-9fc3-ba736f40a73f');
INSERT INTO pokemon_move (pokemon_id, move_id) VALUES ('68ba6eae-ce3a-471a-a293-566447a9532d', 'a13b160c-b04c-4024-bc63-0e4e60ddc241');
INSERT INTO pokemon_move (pokemon_id, move_id) VALUES ('68ba6eae-ce3a-471a-a293-566447a9532d', '3df4a465-c9e3-4da8-a582-50747f45c60e');
INSERT INTO pokemon_move (pokemon_id, move_id) VALUES ('68ba6eae-ce3a-471a-a293-566447a9532d', '6b47ed03-541e-4f2c-b732-068173acf850');
INSERT INTO pokemon_move (pokemon_id, move_id) VALUES ('68ba6eae-ce3a-471a-a293-566447a9532d', '60f9b444-f418-4c17-ad6c-cf4e571bb67b');
INSERT INTO pokemon_type (pokemon_id, type_id) VALUES ('68ba6eae-ce3a-471a-a293-566447a9532d', '5a89bcf3-e914-4174-87a3-c7467757b2d1');
INSERT INTO pokemon (id, original_id, name, height, weight, species, image_url, cry_sound) VALUES ('8f757c62-afa4-4959-80bf-cec9daf2d440', '91' , 'cloyster', 15, 1325, 'cloyster', 'https://raw.githubusercontent.com/PokeAPI/sprites/master/sprites/pokemon/91.png', 'https://raw.githubusercontent.com/PokeAPI/cries/main/cries/pokemon/latest/91.ogg');
INSERT INTO pokemon_ability (pokemon_id, ability_id) VALUES ('8f757c62-afa4-4959-80bf-cec9daf2d440', 'e720d0bf-3d0a-49db-84f0-ac291be6c35b');
INSERT INTO pokemon_ability (pokemon_id, ability_id) VALUES ('8f757c62-afa4-4959-80bf-cec9daf2d440', '7836833b-f587-4f72-a182-6d20fb5059c3');
INSERT INTO pokemon_ability (pokemon_id, ability_id) VALUES ('8f757c62-afa4-4959-80bf-cec9daf2d440', 'ebd5aced-64cd-486c-a674-082a221d3268');
INSERT INTO pokemon_form (pokemon_id, form_id) VALUES ('8f757c62-afa4-4959-80bf-cec9daf2d440', 'bf1da001-7559-426a-9195-b80bdf631247');
INSERT INTO pokemon_held_item (pokemon_id, held_item_id) VALUES ('8f757c62-afa4-4959-80bf-cec9daf2d440', '4765c966-8d13-46a1-a86b-cf6ced3dc7ce');
INSERT INTO pokemon_held_item (pokemon_id, held_item_id) VALUES ('8f757c62-afa4-4959-80bf-cec9daf2d440', '03067d72-ad84-4a8e-917b-ef61328bda5c');
INSERT INTO pokemon_move (pokemon_id, move_id) VALUES ('8f757c62-afa4-4959-80bf-cec9daf2d440', 'aea68489-64e1-4505-9fc3-ba736f40a73f');
INSERT INTO pokemon_move (pokemon_id, move_id) VALUES ('8f757c62-afa4-4959-80bf-cec9daf2d440', 'a13b160c-b04c-4024-bc63-0e4e60ddc241');
INSERT INTO pokemon_move (pokemon_id, move_id) VALUES ('8f757c62-afa4-4959-80bf-cec9daf2d440', 'cd9c0412-b0d0-470f-bda9-b344803b2323');
INSERT INTO pokemon_move (pokemon_id, move_id) VALUES ('8f757c62-afa4-4959-80bf-cec9daf2d440', '3df4a465-c9e3-4da8-a582-50747f45c60e');
INSERT INTO pokemon_move (pokemon_id, move_id) VALUES ('8f757c62-afa4-4959-80bf-cec9daf2d440', '6b47ed03-541e-4f2c-b732-068173acf850');
INSERT INTO pokemon_type (pokemon_id, type_id) VALUES ('8f757c62-afa4-4959-80bf-cec9daf2d440', '5a89bcf3-e914-4174-87a3-c7467757b2d1');
INSERT INTO pokemon_type (pokemon_id, type_id) VALUES ('8f757c62-afa4-4959-80bf-cec9daf2d440', 'b864f05c-3c7a-4270-901a-a8e7b2f69cf5');
INSERT INTO pokemon (id, original_id, name, height, weight, species, image_url, cry_sound) VALUES ('f72a9a2d-15ea-4a6d-ba72-2cc0ef8e1f9c', '92' , 'gastly', 13, 1, 'gastly', 'https://raw.githubusercontent.com/PokeAPI/sprites/master/sprites/pokemon/92.png', 'https://raw.githubusercontent.com/PokeAPI/cries/main/cries/pokemon/latest/92.ogg');
INSERT INTO pokemon_ability (pokemon_id, ability_id) VALUES ('f72a9a2d-15ea-4a6d-ba72-2cc0ef8e1f9c', '8b3291eb-794c-4231-a1c0-52a94c4bd965');
INSERT INTO pokemon_form (pokemon_id, form_id) VALUES ('f72a9a2d-15ea-4a6d-ba72-2cc0ef8e1f9c', '2e72e63c-8b2c-443f-8456-1e612f40e0e7');
INSERT INTO pokemon_move (pokemon_id, move_id) VALUES ('f72a9a2d-15ea-4a6d-ba72-2cc0ef8e1f9c', '0614a7ba-df34-4fea-8467-0b6eece4fb9f');
INSERT INTO pokemon_move (pokemon_id, move_id) VALUES ('f72a9a2d-15ea-4a6d-ba72-2cc0ef8e1f9c', 'ba84d053-7a99-4da5-828b-e4ea229e08d3');
INSERT INTO pokemon_move (pokemon_id, move_id) VALUES ('f72a9a2d-15ea-4a6d-ba72-2cc0ef8e1f9c', '8408b44b-a75a-489b-b509-1be599ff37b2');
INSERT INTO pokemon_move (pokemon_id, move_id) VALUES ('f72a9a2d-15ea-4a6d-ba72-2cc0ef8e1f9c', 'aea68489-64e1-4505-9fc3-ba736f40a73f');
INSERT INTO pokemon_move (pokemon_id, move_id) VALUES ('f72a9a2d-15ea-4a6d-ba72-2cc0ef8e1f9c', '6539077c-b0cb-4b69-9a9a-015535364824');
INSERT INTO pokemon_type (pokemon_id, type_id) VALUES ('f72a9a2d-15ea-4a6d-ba72-2cc0ef8e1f9c', '63e78855-fe5c-4f7a-abb9-711f12c70088');
INSERT INTO pokemon_type (pokemon_id, type_id) VALUES ('f72a9a2d-15ea-4a6d-ba72-2cc0ef8e1f9c', '3246137a-3c1a-4c22-a4d2-07d260a3c939');
INSERT INTO pokemon (id, original_id, name, height, weight, species, image_url, cry_sound) VALUES ('db053a27-1168-447a-abbc-6becc64e2e78', '93' , 'haunter', 16, 1, 'haunter', 'https://raw.githubusercontent.com/PokeAPI/sprites/master/sprites/pokemon/93.png', 'https://raw.githubusercontent.com/PokeAPI/cries/main/cries/pokemon/latest/93.ogg');
INSERT INTO pokemon_ability (pokemon_id, ability_id) VALUES ('db053a27-1168-447a-abbc-6becc64e2e78', '8b3291eb-794c-4231-a1c0-52a94c4bd965');
INSERT INTO pokemon_form (pokemon_id, form_id) VALUES ('db053a27-1168-447a-abbc-6becc64e2e78', '0cb1e083-e1bc-4373-93eb-e4195dc70b39');
INSERT INTO pokemon_held_item (pokemon_id, held_item_id) VALUES ('db053a27-1168-447a-abbc-6becc64e2e78', 'b203af88-c3bc-40cf-a111-f3c52e1a7c17');
INSERT INTO pokemon_move (pokemon_id, move_id) VALUES ('db053a27-1168-447a-abbc-6becc64e2e78', '0614a7ba-df34-4fea-8467-0b6eece4fb9f');
INSERT INTO pokemon_move (pokemon_id, move_id) VALUES ('db053a27-1168-447a-abbc-6becc64e2e78', 'ba84d053-7a99-4da5-828b-e4ea229e08d3');
INSERT INTO pokemon_move (pokemon_id, move_id) VALUES ('db053a27-1168-447a-abbc-6becc64e2e78', '8408b44b-a75a-489b-b509-1be599ff37b2');
INSERT INTO pokemon_move (pokemon_id, move_id) VALUES ('db053a27-1168-447a-abbc-6becc64e2e78', 'aea68489-64e1-4505-9fc3-ba736f40a73f');
INSERT INTO pokemon_move (pokemon_id, move_id) VALUES ('db053a27-1168-447a-abbc-6becc64e2e78', '7f1fa048-9101-472b-830a-1ff86c3c9390');
INSERT INTO pokemon_type (pokemon_id, type_id) VALUES ('db053a27-1168-447a-abbc-6becc64e2e78', '63e78855-fe5c-4f7a-abb9-711f12c70088');
INSERT INTO pokemon_type (pokemon_id, type_id) VALUES ('db053a27-1168-447a-abbc-6becc64e2e78', '3246137a-3c1a-4c22-a4d2-07d260a3c939');
INSERT INTO pokemon (id, original_id, name, height, weight, species, image_url, cry_sound) VALUES ('60fa0fd9-452a-424a-bf26-d4eb74bb0264', '94' , 'gengar', 15, 405, 'gengar', 'https://raw.githubusercontent.com/PokeAPI/sprites/master/sprites/pokemon/94.png', 'https://raw.githubusercontent.com/PokeAPI/cries/main/cries/pokemon/latest/94.ogg');
INSERT INTO pokemon_ability (pokemon_id, ability_id) VALUES ('60fa0fd9-452a-424a-bf26-d4eb74bb0264', 'f77cbacd-043a-476e-a05b-af72ffc5670f');
INSERT INTO pokemon_form (pokemon_id, form_id) VALUES ('60fa0fd9-452a-424a-bf26-d4eb74bb0264', '3b43eb2d-3878-4572-9e2e-0773931e1a24');
INSERT INTO pokemon_held_item (pokemon_id, held_item_id) VALUES ('60fa0fd9-452a-424a-bf26-d4eb74bb0264', 'b203af88-c3bc-40cf-a111-f3c52e1a7c17');
INSERT INTO pokemon_move (pokemon_id, move_id) VALUES ('60fa0fd9-452a-424a-bf26-d4eb74bb0264', '8f2e0a15-7a9d-4afb-8eea-16750e9484ed');
INSERT INTO pokemon_move (pokemon_id, move_id) VALUES ('60fa0fd9-452a-424a-bf26-d4eb74bb0264', '0614a7ba-df34-4fea-8467-0b6eece4fb9f');
INSERT INTO pokemon_move (pokemon_id, move_id) VALUES ('60fa0fd9-452a-424a-bf26-d4eb74bb0264', 'ba84d053-7a99-4da5-828b-e4ea229e08d3');
INSERT INTO pokemon_move (pokemon_id, move_id) VALUES ('60fa0fd9-452a-424a-bf26-d4eb74bb0264', '8408b44b-a75a-489b-b509-1be599ff37b2');
INSERT INTO pokemon_move (pokemon_id, move_id) VALUES ('60fa0fd9-452a-424a-bf26-d4eb74bb0264', '6b613c64-594e-4df6-a894-86b8e324482c');
INSERT INTO pokemon_type (pokemon_id, type_id) VALUES ('60fa0fd9-452a-424a-bf26-d4eb74bb0264', '63e78855-fe5c-4f7a-abb9-711f12c70088');
INSERT INTO pokemon_type (pokemon_id, type_id) VALUES ('60fa0fd9-452a-424a-bf26-d4eb74bb0264', '3246137a-3c1a-4c22-a4d2-07d260a3c939');
INSERT INTO pokemon (id, original_id, name, height, weight, species, image_url, cry_sound) VALUES ('88102e6d-a819-4233-9ede-c1d124f48109', '95' , 'onix', 88, 2100, 'onix', 'https://raw.githubusercontent.com/PokeAPI/sprites/master/sprites/pokemon/95.png', 'https://raw.githubusercontent.com/PokeAPI/cries/main/cries/pokemon/latest/95.ogg');
INSERT INTO pokemon_ability (pokemon_id, ability_id) VALUES ('88102e6d-a819-4233-9ede-c1d124f48109', 'd94fca31-bc8d-4862-ac69-5f65d34b95ae');
INSERT INTO pokemon_ability (pokemon_id, ability_id) VALUES ('88102e6d-a819-4233-9ede-c1d124f48109', 'd1aaa4b7-4b03-4ff8-83c4-9b265f8d32b4');
INSERT INTO pokemon_ability (pokemon_id, ability_id) VALUES ('88102e6d-a819-4233-9ede-c1d124f48109', '0e258c02-866c-4a01-9e87-256e0c6c653f');
INSERT INTO pokemon_form (pokemon_id, form_id) VALUES ('88102e6d-a819-4233-9ede-c1d124f48109', '7fcd2141-63bb-408c-97a2-5027848cb53b');
INSERT INTO pokemon_held_item (pokemon_id, held_item_id) VALUES ('88102e6d-a819-4233-9ede-c1d124f48109', '90559eba-0c9e-4272-989d-80e4a13b4547');
INSERT INTO pokemon_move (pokemon_id, move_id) VALUES ('88102e6d-a819-4233-9ede-c1d124f48109', 'b786bd6c-4919-4c3a-9e2e-91e95be25d28');
INSERT INTO pokemon_move (pokemon_id, move_id) VALUES ('88102e6d-a819-4233-9ede-c1d124f48109', '8c2aeeb2-d701-462d-8186-18e22c76ed80');
INSERT INTO pokemon_move (pokemon_id, move_id) VALUES ('88102e6d-a819-4233-9ede-c1d124f48109', 'aea68489-64e1-4505-9fc3-ba736f40a73f');
INSERT INTO pokemon_move (pokemon_id, move_id) VALUES ('88102e6d-a819-4233-9ede-c1d124f48109', 'a13b160c-b04c-4024-bc63-0e4e60ddc241');
INSERT INTO pokemon_move (pokemon_id, move_id) VALUES ('88102e6d-a819-4233-9ede-c1d124f48109', 'cd9c0412-b0d0-470f-bda9-b344803b2323');
INSERT INTO pokemon_type (pokemon_id, type_id) VALUES ('88102e6d-a819-4233-9ede-c1d124f48109', '3e7be3a4-931b-4704-bdc9-8e075553ee52');
INSERT INTO pokemon_type (pokemon_id, type_id) VALUES ('88102e6d-a819-4233-9ede-c1d124f48109', 'dec69f37-9b5f-4f98-95de-f55015eec5c4');
INSERT INTO pokemon (id, original_id, name, height, weight, species, image_url, cry_sound) VALUES ('535f2117-d9b7-41f7-bedd-130fb2a5ea29', '96' , 'drowzee', 10, 324, 'drowzee', 'https://raw.githubusercontent.com/PokeAPI/sprites/master/sprites/pokemon/96.png', 'https://raw.githubusercontent.com/PokeAPI/cries/main/cries/pokemon/latest/96.ogg');
INSERT INTO pokemon_ability (pokemon_id, ability_id) VALUES ('535f2117-d9b7-41f7-bedd-130fb2a5ea29', 'c0157a9f-aebe-4dad-ab38-37f8963c7d28');
INSERT INTO pokemon_ability (pokemon_id, ability_id) VALUES ('535f2117-d9b7-41f7-bedd-130fb2a5ea29', 'da3c9c3d-7a47-4078-a861-319089b9804f');
INSERT INTO pokemon_ability (pokemon_id, ability_id) VALUES ('535f2117-d9b7-41f7-bedd-130fb2a5ea29', 'f73d0d2b-85e8-454e-80ea-80be432de13e');
INSERT INTO pokemon_form (pokemon_id, form_id) VALUES ('535f2117-d9b7-41f7-bedd-130fb2a5ea29', '02e5b5f2-32bf-4b05-b38b-4c3e0239d4ea');
INSERT INTO pokemon_move (pokemon_id, move_id) VALUES ('535f2117-d9b7-41f7-bedd-130fb2a5ea29', '1c8cdd5c-2d2b-4371-9ca7-aaed87b0df01');
INSERT INTO pokemon_move (pokemon_id, move_id) VALUES ('535f2117-d9b7-41f7-bedd-130fb2a5ea29', '8f2e0a15-7a9d-4afb-8eea-16750e9484ed');
INSERT INTO pokemon_move (pokemon_id, move_id) VALUES ('535f2117-d9b7-41f7-bedd-130fb2a5ea29', '0614a7ba-df34-4fea-8467-0b6eece4fb9f');
INSERT INTO pokemon_move (pokemon_id, move_id) VALUES ('535f2117-d9b7-41f7-bedd-130fb2a5ea29', 'ba84d053-7a99-4da5-828b-e4ea229e08d3');
INSERT INTO pokemon_move (pokemon_id, move_id) VALUES ('535f2117-d9b7-41f7-bedd-130fb2a5ea29', '8408b44b-a75a-489b-b509-1be599ff37b2');
INSERT INTO pokemon_type (pokemon_id, type_id) VALUES ('535f2117-d9b7-41f7-bedd-130fb2a5ea29', '5b2cfdda-d877-4696-a8b2-0cf14ae6d0f7');
INSERT INTO pokemon (id, original_id, name, height, weight, species, image_url, cry_sound) VALUES ('f870d25e-3ea8-404f-b6e0-cccf62bd1bb5', '97' , 'hypno', 16, 756, 'hypno', 'https://raw.githubusercontent.com/PokeAPI/sprites/master/sprites/pokemon/97.png', 'https://raw.githubusercontent.com/PokeAPI/cries/main/cries/pokemon/latest/97.ogg');
INSERT INTO pokemon_ability (pokemon_id, ability_id) VALUES ('f870d25e-3ea8-404f-b6e0-cccf62bd1bb5', 'c0157a9f-aebe-4dad-ab38-37f8963c7d28');
INSERT INTO pokemon_ability (pokemon_id, ability_id) VALUES ('f870d25e-3ea8-404f-b6e0-cccf62bd1bb5', 'da3c9c3d-7a47-4078-a861-319089b9804f');
INSERT INTO pokemon_ability (pokemon_id, ability_id) VALUES ('f870d25e-3ea8-404f-b6e0-cccf62bd1bb5', 'f73d0d2b-85e8-454e-80ea-80be432de13e');
INSERT INTO pokemon_form (pokemon_id, form_id) VALUES ('f870d25e-3ea8-404f-b6e0-cccf62bd1bb5', 'a7cbfd57-6f86-443c-9b74-ca84cd45f525');
INSERT INTO pokemon_move (pokemon_id, move_id) VALUES ('f870d25e-3ea8-404f-b6e0-cccf62bd1bb5', '1c8cdd5c-2d2b-4371-9ca7-aaed87b0df01');
INSERT INTO pokemon_move (pokemon_id, move_id) VALUES ('f870d25e-3ea8-404f-b6e0-cccf62bd1bb5', '8f2e0a15-7a9d-4afb-8eea-16750e9484ed');
INSERT INTO pokemon_move (pokemon_id, move_id) VALUES ('f870d25e-3ea8-404f-b6e0-cccf62bd1bb5', '0614a7ba-df34-4fea-8467-0b6eece4fb9f');
INSERT INTO pokemon_move (pokemon_id, move_id) VALUES ('f870d25e-3ea8-404f-b6e0-cccf62bd1bb5', 'ba84d053-7a99-4da5-828b-e4ea229e08d3');
INSERT INTO pokemon_move (pokemon_id, move_id) VALUES ('f870d25e-3ea8-404f-b6e0-cccf62bd1bb5', '8408b44b-a75a-489b-b509-1be599ff37b2');
INSERT INTO pokemon_type (pokemon_id, type_id) VALUES ('f870d25e-3ea8-404f-b6e0-cccf62bd1bb5', '5b2cfdda-d877-4696-a8b2-0cf14ae6d0f7');
INSERT INTO pokemon (id, original_id, name, height, weight, species, image_url, cry_sound) VALUES ('5c070709-29fb-4989-aa0d-3397f887eca3', '98' , 'krabby', 4, 65, 'krabby', 'https://raw.githubusercontent.com/PokeAPI/sprites/master/sprites/pokemon/98.png', 'https://raw.githubusercontent.com/PokeAPI/cries/main/cries/pokemon/latest/98.ogg');
INSERT INTO pokemon_ability (pokemon_id, ability_id) VALUES ('5c070709-29fb-4989-aa0d-3397f887eca3', '712d3d2f-fd2f-47b5-b340-bb115bffde1a');
INSERT INTO pokemon_ability (pokemon_id, ability_id) VALUES ('5c070709-29fb-4989-aa0d-3397f887eca3', 'e720d0bf-3d0a-49db-84f0-ac291be6c35b');
INSERT INTO pokemon_ability (pokemon_id, ability_id) VALUES ('5c070709-29fb-4989-aa0d-3397f887eca3', '2587299b-673b-457e-ac74-72f9d6a09e7d');
INSERT INTO pokemon_form (pokemon_id, form_id) VALUES ('5c070709-29fb-4989-aa0d-3397f887eca3', '5af77ec4-f307-467c-b9fa-5efeae0c7261');
INSERT INTO pokemon_move (pokemon_id, move_id) VALUES ('5c070709-29fb-4989-aa0d-3397f887eca3', 'c6f404d7-9079-4bf6-838e-0126eef7a3e7');
INSERT INTO pokemon_move (pokemon_id, move_id) VALUES ('5c070709-29fb-4989-aa0d-3397f887eca3', 'df5b7670-b47e-4713-809e-aeea22fe03b0');
INSERT INTO pokemon_move (pokemon_id, move_id) VALUES ('5c070709-29fb-4989-aa0d-3397f887eca3', 'dd7c1592-f25c-4be0-b891-f718a79b3bc7');
INSERT INTO pokemon_move (pokemon_id, move_id) VALUES ('5c070709-29fb-4989-aa0d-3397f887eca3', '8e4532e2-402b-4c35-b3e2-b8df45f33558');
INSERT INTO pokemon_move (pokemon_id, move_id) VALUES ('5c070709-29fb-4989-aa0d-3397f887eca3', '8c2aeeb2-d701-462d-8186-18e22c76ed80');
INSERT INTO pokemon_type (pokemon_id, type_id) VALUES ('5c070709-29fb-4989-aa0d-3397f887eca3', '5a89bcf3-e914-4174-87a3-c7467757b2d1');
INSERT INTO pokemon (id, original_id, name, height, weight, species, image_url, cry_sound) VALUES ('db4d7c03-39cb-4f00-99d1-2340416dff32', '99' , 'kingler', 13, 600, 'kingler', 'https://raw.githubusercontent.com/PokeAPI/sprites/master/sprites/pokemon/99.png', 'https://raw.githubusercontent.com/PokeAPI/cries/main/cries/pokemon/latest/99.ogg');
INSERT INTO pokemon_ability (pokemon_id, ability_id) VALUES ('db4d7c03-39cb-4f00-99d1-2340416dff32', '712d3d2f-fd2f-47b5-b340-bb115bffde1a');
INSERT INTO pokemon_ability (pokemon_id, ability_id) VALUES ('db4d7c03-39cb-4f00-99d1-2340416dff32', 'e720d0bf-3d0a-49db-84f0-ac291be6c35b');
INSERT INTO pokemon_ability (pokemon_id, ability_id) VALUES ('db4d7c03-39cb-4f00-99d1-2340416dff32', '2587299b-673b-457e-ac74-72f9d6a09e7d');
INSERT INTO pokemon_form (pokemon_id, form_id) VALUES ('db4d7c03-39cb-4f00-99d1-2340416dff32', 'bd0d5cb0-0b41-450f-81f3-f72b082ba98c');
INSERT INTO pokemon_move (pokemon_id, move_id) VALUES ('db4d7c03-39cb-4f00-99d1-2340416dff32', 'c6f404d7-9079-4bf6-838e-0126eef7a3e7');
INSERT INTO pokemon_move (pokemon_id, move_id) VALUES ('db4d7c03-39cb-4f00-99d1-2340416dff32', 'df5b7670-b47e-4713-809e-aeea22fe03b0');
INSERT INTO pokemon_move (pokemon_id, move_id) VALUES ('db4d7c03-39cb-4f00-99d1-2340416dff32', 'dd7c1592-f25c-4be0-b891-f718a79b3bc7');
INSERT INTO pokemon_move (pokemon_id, move_id) VALUES ('db4d7c03-39cb-4f00-99d1-2340416dff32', '8e4532e2-402b-4c35-b3e2-b8df45f33558');
INSERT INTO pokemon_move (pokemon_id, move_id) VALUES ('db4d7c03-39cb-4f00-99d1-2340416dff32', '8c2aeeb2-d701-462d-8186-18e22c76ed80');
INSERT INTO pokemon_type (pokemon_id, type_id) VALUES ('db4d7c03-39cb-4f00-99d1-2340416dff32', '5a89bcf3-e914-4174-87a3-c7467757b2d1');
INSERT INTO pokemon (id, original_id, name, height, weight, species, image_url, cry_sound) VALUES ('404987ff-56f3-4d66-9257-8649f06955a7', '100' , 'voltorb', 5, 104, 'voltorb', 'https://raw.githubusercontent.com/PokeAPI/sprites/master/sprites/pokemon/100.png', 'https://raw.githubusercontent.com/PokeAPI/cries/main/cries/pokemon/latest/100.ogg');
INSERT INTO pokemon_ability (pokemon_id, ability_id) VALUES ('404987ff-56f3-4d66-9257-8649f06955a7', '41ff67dc-6097-4eab-80e9-8ba7baf53151');
INSERT INTO pokemon_ability (pokemon_id, ability_id) VALUES ('404987ff-56f3-4d66-9257-8649f06955a7', 'e7a3ca67-2355-40ed-abd4-cec0c9f9a9f7');
INSERT INTO pokemon_ability (pokemon_id, ability_id) VALUES ('404987ff-56f3-4d66-9257-8649f06955a7', '6cc55311-0ca7-4933-aaeb-ee010c7c5dac');
INSERT INTO pokemon_form (pokemon_id, form_id) VALUES ('404987ff-56f3-4d66-9257-8649f06955a7', '7f64d54d-3748-4891-bab8-6045ba83ae01');
INSERT INTO pokemon_move (pokemon_id, move_id) VALUES ('404987ff-56f3-4d66-9257-8649f06955a7', 'aea68489-64e1-4505-9fc3-ba736f40a73f');
INSERT INTO pokemon_move (pokemon_id, move_id) VALUES ('404987ff-56f3-4d66-9257-8649f06955a7', 'a13b160c-b04c-4024-bc63-0e4e60ddc241');
INSERT INTO pokemon_move (pokemon_id, move_id) VALUES ('404987ff-56f3-4d66-9257-8649f06955a7', '3df4a465-c9e3-4da8-a582-50747f45c60e');
INSERT INTO pokemon_move (pokemon_id, move_id) VALUES ('404987ff-56f3-4d66-9257-8649f06955a7', '6b47ed03-541e-4f2c-b732-068173acf850');
INSERT INTO pokemon_move (pokemon_id, move_id) VALUES ('404987ff-56f3-4d66-9257-8649f06955a7', '876edf1e-d4d7-4e15-9d98-38a2c589281b');
INSERT INTO pokemon_type (pokemon_id, type_id) VALUES ('404987ff-56f3-4d66-9257-8649f06955a7', 'e81f6163-ff14-4eed-a642-3d3da39475da');